reaction_id,reaction_class,role,parent_id,reaction_name,stoichiometry,equation,primary_target,derived_target,internal_unit,solvent_policy,selected_for_calibration,split,anchor_type,assigned_solvent_ids,source_id
RXN_MOX_M001,redox,monomer,M001,Oxidation of Thiophene,M001_Q0_M1:-1;M001_QP1_M2:+1,M001_Q0_M1 -> M001_QP1_M2 + e-,deltaG_ox_T2_SMD,Eox_vs_AgAgCl,eV,all project media at inference,1,train,,S001;S007;S022;S015,SRC_PROJECT_ORIGIN;SRC_PROJECT_TIER2_CURRENT
RXN_MOX_M002,redox,monomer,M002,Oxidation of 3-Methylthiophene,M002_Q0_M1:-1;M002_QP1_M2:+1,M002_Q0_M1 -> M002_QP1_M2 + e-,deltaG_ox_T2_SMD,Eox_vs_AgAgCl,eV,all project media at inference,0,,,,SRC_PROJECT_ORIGIN;SRC_PROJECT_TIER2_CURRENT
RXN_MOX_M003,redox,monomer,M003,Oxidation of 3-Ethylthiophene,M003_Q0_M1:-1;M003_QP1_M2:+1,M003_Q0_M1 -> M003_QP1_M2 + e-,deltaG_ox_T2_SMD,Eox_vs_AgAgCl,eV,all project media at inference,0,,,,SRC_PROJECT_ORIGIN;SRC_PROJECT_TIER2_CURRENT
RXN_MOX_M004,redox,monomer,M004,Oxidation of 3-Propylthiophene,M004_Q0_M1:-1;M004_QP1_M2:+1,M004_Q0_M1 -> M004_QP1_M2 + e-,deltaG_ox_T2_SMD,Eox_vs_AgAgCl,eV,all project media at inference,0,,,,SRC_PROJECT_ORIGIN;SRC_PROJECT_TIER2_CURRENT
RXN_MOX_M005,redox,monomer,M005,Oxidation of 3-Butylthiophene,M005_Q0_M1:-1;M005_QP1_M2:+1,M005_Q0_M1 -> M005_QP1_M2 + e-,deltaG_ox_T2_SMD,Eox_vs_AgAgCl,eV,all project media at inference,0,,,,SRC_PROJECT_ORIGIN;SRC_PROJECT_TIER2_CURRENT
RXN_MOX_M006,redox,monomer,M006,Oxidation of 3-Hexylthiophene (3HT),M006_Q0_M1:-1;M006_QP1_M2:+1,M006_Q0_M1 -> M006_QP1_M2 + e-,deltaG_ox_T2_SMD,Eox_vs_AgAgCl,eV,all project media at inference,0,,,,SRC_PROJECT_ORIGIN;SRC_PROJECT_TIER2_CURRENT
RXN_MOX_M007,redox,monomer,M007,Oxidation of 3-Octylthiophene,M007_Q0_M1:-1;M007_QP1_M2:+1,M007_Q0_M1 -> M007_QP1_M2 + e-,deltaG_ox_T2_SMD,Eox_vs_AgAgCl,eV,all project media at inference,1,test,,S024;S004;S011;S016,SRC_PROJECT_ORIGIN;SRC_PROJECT_TIER2_CURRENT
RXN_MOX_M008,redox,monomer,M008,Oxidation of 3-Methoxythiophene,M008_Q0_M1:-1;M008_QP1_M2:+1,M008_Q0_M1 -> M008_QP1_M2 + e-,deltaG_ox_T2_SMD,Eox_vs_AgAgCl,eV,all project media at inference,0,,,,SRC_PROJECT_ORIGIN;SRC_PROJECT_TIER2_CURRENT
RXN_MOX_M009,redox,monomer,M009,Oxidation of 3-Ethoxythiophene,M009_Q0_M1:-1;M009_QP1_M2:+1,M009_Q0_M1 -> M009_QP1_M2 + e-,deltaG_ox_T2_SMD,Eox_vs_AgAgCl,eV,all project media at inference,0,,,,SRC_PROJECT_ORIGIN;SRC_PROJECT_TIER2_CURRENT
RXN_MOX_M010,redox,monomer,M010,Oxidation of 3-Fluorothiophene,M010_Q0_M1:-1;M010_QP1_M2:+1,M010_Q0_M1 -> M010_QP1_M2 + e-,deltaG_ox_T2_SMD,Eox_vs_AgAgCl,eV,all project media at inference,0,,,,SRC_PROJECT_ORIGIN;SRC_PROJECT_TIER2_CURRENT
RXN_MOX_M011,redox,monomer,M011,Oxidation of 3-Chlorothiophene,M011_Q0_M1:-1;M011_QP1_M2:+1,M011_Q0_M1 -> M011_QP1_M2 + e-,deltaG_ox_T2_SMD,Eox_vs_AgAgCl,eV,all project media at inference,0,,,,SRC_PROJECT_ORIGIN;SRC_PROJECT_TIER2_CURRENT
RXN_MOX_M012,redox,monomer,M012,Oxidation of 3-Bromothiophene,M012_Q0_M1:-1;M012_QP1_M2:+1,M012_Q0_M1 -> M012_QP1_M2 + e-,deltaG_ox_T2_SMD,Eox_vs_AgAgCl,eV,all project media at inference,0,,,,SRC_PROJECT_ORIGIN;SRC_PROJECT_TIER2_CURRENT
RXN_MOX_M013,redox,monomer,M013,Oxidation of Thiophene-3-carbonitrile,M013_Q0_M1:-1;M013_QP1_M2:+1,M013_Q0_M1 -> M013_QP1_M2 + e-,deltaG_ox_T2_SMD,Eox_vs_AgAgCl,eV,all project media at inference,1,train,,S021;S005;S012;S017,SRC_PROJECT_ORIGIN;SRC_PROJECT_TIER2_CURRENT
RXN_MOX_M014,redox,monomer,M014,Oxidation of Methyl thiophene-3-carboxylate,M014_Q0_M1:-1;M014_QP1_M2:+1,M014_Q0_M1 -> M014_QP1_M2 + e-,deltaG_ox_T2_SMD,Eox_vs_AgAgCl,eV,all project media at inference,1,train,,S014;S002;S006;S018,SRC_PROJECT_ORIGIN;SRC_PROJECT_TIER2_CURRENT
RXN_MOX_M015,redox,monomer,M015,Oxidation of 3-Acetylthiophene,M015_Q0_M1:-1;M015_QP1_M2:+1,M015_Q0_M1 -> M015_QP1_M2 + e-,deltaG_ox_T2_SMD,Eox_vs_AgAgCl,eV,all project media at inference,0,,,,SRC_PROJECT_ORIGIN;SRC_PROJECT_TIER2_CURRENT
RXN_MOX_M016,redox,monomer,M016,"Oxidation of 3,4-Dimethylthiophene",M016_Q0_M1:-1;M016_QP1_M2:+1,M016_Q0_M1 -> M016_QP1_M2 + e-,deltaG_ox_T2_SMD,Eox_vs_AgAgCl,eV,all project media at inference,0,,,,SRC_PROJECT_ORIGIN;SRC_PROJECT_TIER2_CURRENT
RXN_MOX_M017,redox,monomer,M017,"Oxidation of 3,4-Diethylthiophene",M017_Q0_M1:-1;M017_QP1_M2:+1,M017_Q0_M1 -> M017_QP1_M2 + e-,deltaG_ox_T2_SMD,Eox_vs_AgAgCl,eV,all project media at inference,1,train,,S008;S020;S013;S003,SRC_PROJECT_ORIGIN;SRC_PROJECT_TIER2_CURRENT
RXN_MOX_M018,redox,monomer,M018,"Oxidation of 3,4-Difluorothiophene",M018_Q0_M1:-1;M018_QP1_M2:+1,M018_Q0_M1 -> M018_QP1_M2 + e-,deltaG_ox_T2_SMD,Eox_vs_AgAgCl,eV,all project media at inference,0,,,,SRC_PROJECT_ORIGIN;SRC_PROJECT_TIER2_CURRENT
RXN_MOX_M019,redox,monomer,M019,"Oxidation of 3,4-Dichlorothiophene",M019_Q0_M1:-1;M019_QP1_M2:+1,M019_Q0_M1 -> M019_QP1_M2 + e-,deltaG_ox_T2_SMD,Eox_vs_AgAgCl,eV,all project media at inference,0,,,,SRC_PROJECT_ORIGIN;SRC_PROJECT_TIER2_CURRENT
RXN_MOX_M020,redox,monomer,M020,"Oxidation of 3,4-Dimethoxythiophene",M020_Q0_M1:-1;M020_QP1_M2:+1,M020_Q0_M1 -> M020_QP1_M2 + e-,deltaG_ox_T2_SMD,Eox_vs_AgAgCl,eV,all project media at inference,0,,,,SRC_PROJECT_ORIGIN;SRC_PROJECT_TIER2_CURRENT
RXN_MOX_M021,redox,monomer,M021,Oxidation of 3-(Trifluoromethyl)thiophene,M021_Q0_M1:-1;M021_QP1_M2:+1,M021_Q0_M1 -> M021_QP1_M2 + e-,deltaG_ox_T2_SMD,Eox_vs_AgAgCl,eV,all project media at inference,0,,,,SRC_PROJECT_ORIGIN;SRC_PROJECT_TIER2_CURRENT
RXN_MOX_M022,redox,monomer,M022,"Oxidation of 3,4-Ethylenedioxythiophene (EDOT)",M022_Q0_M1:-1;M022_QP1_M2:+1,M022_Q0_M1 -> M022_QP1_M2 + e-,deltaG_ox_T2_SMD,Eox_vs_AgAgCl,eV,all project media at inference,1,train,train_full25,S001;S002;S003;S004;S005;S006;S007;S008;S009;S010;S011;S012;S013;S014;S015;S016;S017;S018;S019;S020;S021;S022;S023;S024;S025,SRC_PROJECT_ORIGIN;SRC_PROJECT_TIER2_CURRENT
RXN_MOX_M023,redox,monomer,M023,"Oxidation of 3,4-Propylenedioxythiophene (ProDOT)",M023_Q0_M1:-1;M023_QP1_M2:+1,M023_Q0_M1 -> M023_QP1_M2 + e-,deltaG_ox_T2_SMD,Eox_vs_AgAgCl,eV,all project media at inference,0,,,,SRC_PROJECT_ORIGIN;SRC_PROJECT_TIER2_CURRENT
RXN_MOX_M024,redox,monomer,M024,"Oxidation of 2,2′-Bithiophene",M024_Q0_M1:-1;M024_QP1_M2:+1,M024_Q0_M1 -> M024_QP1_M2 + e-,deltaG_ox_T2_SMD,Eox_vs_AgAgCl,eV,all project media at inference,1,train,,S023;S004;S011;S017,SRC_PROJECT_ORIGIN;SRC_PROJECT_TIER2_CURRENT
RXN_MOX_M025,redox,monomer,M025,"Oxidation of 2,2′:5′,2″-Terthiophene",M025_Q0_M1:-1;M025_QP1_M2:+1,M025_Q0_M1 -> M025_QP1_M2 + e-,deltaG_ox_T2_SMD,Eox_vs_AgAgCl,eV,all project media at inference,0,,,,SRC_PROJECT_ORIGIN;SRC_PROJECT_TIER2_CURRENT
RXN_MOX_M026,redox,monomer,M026,Oxidation of Pyrrole,M026_Q0_M1:-1;M026_QP1_M2:+1,M026_Q0_M1 -> M026_QP1_M2 + e-,deltaG_ox_T2_SMD,Eox_vs_AgAgCl,eV,all project media at inference,1,train,,S024;S005;S012;S018,SRC_PROJECT_ORIGIN;SRC_PROJECT_TIER2_CURRENT
RXN_MOX_M027,redox,monomer,M027,Oxidation of N-Methylpyrrole,M027_Q0_M1:-1;M027_QP1_M2:+1,M027_Q0_M1 -> M027_QP1_M2 + e-,deltaG_ox_T2_SMD,Eox_vs_AgAgCl,eV,all project media at inference,1,test,,S021;S002;S006;S015,SRC_PROJECT_ORIGIN;SRC_PROJECT_TIER2_CURRENT
RXN_MOX_M028,redox,monomer,M028,Oxidation of N-Ethylpyrrole,M028_Q0_M1:-1;M028_QP1_M2:+1,M028_Q0_M1 -> M028_QP1_M2 + e-,deltaG_ox_T2_SMD,Eox_vs_AgAgCl,eV,all project media at inference,0,,,,SRC_PROJECT_ORIGIN;SRC_PROJECT_TIER2_CURRENT
RXN_MOX_M029,redox,monomer,M029,Oxidation of N-Propylpyrrole,M029_Q0_M1:-1;M029_QP1_M2:+1,M029_Q0_M1 -> M029_QP1_M2 + e-,deltaG_ox_T2_SMD,Eox_vs_AgAgCl,eV,all project media at inference,0,,,,SRC_PROJECT_ORIGIN;SRC_PROJECT_TIER2_CURRENT
RXN_MOX_M030,redox,monomer,M030,Oxidation of N-Hexylpyrrole,M030_Q0_M1:-1;M030_QP1_M2:+1,M030_Q0_M1 -> M030_QP1_M2 + e-,deltaG_ox_T2_SMD,Eox_vs_AgAgCl,eV,all project media at inference,0,,,,SRC_PROJECT_ORIGIN;SRC_PROJECT_TIER2_CURRENT
RXN_MOX_M031,redox,monomer,M031,Oxidation of N-Octylpyrrole,M031_Q0_M1:-1;M031_QP1_M2:+1,M031_Q0_M1 -> M031_QP1_M2 + e-,deltaG_ox_T2_SMD,Eox_vs_AgAgCl,eV,all project media at inference,1,val,,S014;S020;S013;S003,SRC_PROJECT_ORIGIN;SRC_PROJECT_TIER2_CURRENT
RXN_MOX_M032,redox,monomer,M032,Oxidation of 3-Methylpyrrole,M032_Q0_M1:-1;M032_QP1_M2:+1,M032_Q0_M1 -> M032_QP1_M2 + e-,deltaG_ox_T2_SMD,Eox_vs_AgAgCl,eV,all project media at inference,0,,,,SRC_PROJECT_ORIGIN;SRC_PROJECT_TIER2_CURRENT
RXN_MOX_M033,redox,monomer,M033,Oxidation of 3-Ethylpyrrole,M033_Q0_M1:-1;M033_QP1_M2:+1,M033_Q0_M1 -> M033_QP1_M2 + e-,deltaG_ox_T2_SMD,Eox_vs_AgAgCl,eV,all project media at inference,0,,,,SRC_PROJECT_ORIGIN;SRC_PROJECT_TIER2_CURRENT
RXN_MOX_M034,redox,monomer,M034,"Oxidation of 3,4-Dimethylpyrrole",M034_Q0_M1:-1;M034_QP1_M2:+1,M034_Q0_M1 -> M034_QP1_M2 + e-,deltaG_ox_T2_SMD,Eox_vs_AgAgCl,eV,all project media at inference,0,,,,SRC_PROJECT_ORIGIN;SRC_PROJECT_TIER2_CURRENT
RXN_MOX_M035,redox,monomer,M035,"Oxidation of 3,4-Diethylpyrrole",M035_Q0_M1:-1;M035_QP1_M2:+1,M035_Q0_M1 -> M035_QP1_M2 + e-,deltaG_ox_T2_SMD,Eox_vs_AgAgCl,eV,all project media at inference,0,,,,SRC_PROJECT_ORIGIN;SRC_PROJECT_TIER2_CURRENT
RXN_MOX_M036,redox,monomer,M036,"Oxidation of 3,4-Ethylenedioxypyrrole (EDOP)",M036_Q0_M1:-1;M036_QP1_M2:+1,M036_Q0_M1 -> M036_QP1_M2 + e-,deltaG_ox_T2_SMD,Eox_vs_AgAgCl,eV,all project media at inference,1,train,,S001;S007;S022;S017,SRC_PROJECT_ORIGIN;SRC_PROJECT_TIER2_CURRENT
RXN_MOX_M037,redox,monomer,M037,"Oxidation of N-Methyl-3,4-ethylenedioxypyrrole (N-Me-EDOP)",M037_Q0_M1:-1;M037_QP1_M2:+1,M037_Q0_M1 -> M037_QP1_M2 + e-,deltaG_ox_T2_SMD,Eox_vs_AgAgCl,eV,all project media at inference,0,,,,SRC_PROJECT_ORIGIN;SRC_PROJECT_TIER2_CURRENT
RXN_MOX_M038,redox,monomer,M038,Oxidation of Furan,M038_Q0_M1:-1;M038_QP1_M2:+1,M038_Q0_M1 -> M038_QP1_M2 + e-,deltaG_ox_T2_SMD,Eox_vs_AgAgCl,eV,all project media at inference,1,train,,S025;S004;S011;S018,SRC_PROJECT_ORIGIN;SRC_PROJECT_TIER2_CURRENT
RXN_MOX_M039,redox,monomer,M039,Oxidation of 3-Methylfuran,M039_Q0_M1:-1;M039_QP1_M2:+1,M039_Q0_M1 -> M039_QP1_M2 + e-,deltaG_ox_T2_SMD,Eox_vs_AgAgCl,eV,all project media at inference,0,,,,SRC_PROJECT_ORIGIN;SRC_PROJECT_TIER2_CURRENT
RXN_MOX_M040,redox,monomer,M040,Oxidation of 3-Ethylfuran,M040_Q0_M1:-1;M040_QP1_M2:+1,M040_Q0_M1 -> M040_QP1_M2 + e-,deltaG_ox_T2_SMD,Eox_vs_AgAgCl,eV,all project media at inference,0,,,,SRC_PROJECT_ORIGIN;SRC_PROJECT_TIER2_CURRENT
RXN_MOX_M041,redox,monomer,M041,Oxidation of 3-Hexylfuran,M041_Q0_M1:-1;M041_QP1_M2:+1,M041_Q0_M1 -> M041_QP1_M2 + e-,deltaG_ox_T2_SMD,Eox_vs_AgAgCl,eV,all project media at inference,0,,,,SRC_PROJECT_ORIGIN;SRC_PROJECT_TIER2_CURRENT
RXN_MOX_M042,redox,monomer,M042,Oxidation of 3-Octylfuran,M042_Q0_M1:-1;M042_QP1_M2:+1,M042_Q0_M1 -> M042_QP1_M2 + e-,deltaG_ox_T2_SMD,Eox_vs_AgAgCl,eV,all project media at inference,1,train,,S023;S005;S012;S015,SRC_PROJECT_ORIGIN;SRC_PROJECT_TIER2_CURRENT
RXN_MOX_M043,redox,monomer,M043,Oxidation of 3-Methoxyfuran,M043_Q0_M1:-1;M043_QP1_M2:+1,M043_Q0_M1 -> M043_QP1_M2 + e-,deltaG_ox_T2_SMD,Eox_vs_AgAgCl,eV,all project media at inference,0,,,,SRC_PROJECT_ORIGIN;SRC_PROJECT_TIER2_CURRENT
RXN_MOX_M044,redox,monomer,M044,Oxidation of 3-Fluorofuran,M044_Q0_M1:-1;M044_QP1_M2:+1,M044_Q0_M1 -> M044_QP1_M2 + e-,deltaG_ox_T2_SMD,Eox_vs_AgAgCl,eV,all project media at inference,0,,,,SRC_PROJECT_ORIGIN;SRC_PROJECT_TIER2_CURRENT
RXN_MOX_M045,redox,monomer,M045,"Oxidation of 3,4-Dimethylfuran",M045_Q0_M1:-1;M045_QP1_M2:+1,M045_Q0_M1 -> M045_QP1_M2 + e-,deltaG_ox_T2_SMD,Eox_vs_AgAgCl,eV,all project media at inference,0,,,,SRC_PROJECT_ORIGIN;SRC_PROJECT_TIER2_CURRENT
RXN_MOX_M046,redox,monomer,M046,"Oxidation of 3,4-Difluorofuran",M046_Q0_M1:-1;M046_QP1_M2:+1,M046_Q0_M1 -> M046_QP1_M2 + e-,deltaG_ox_T2_SMD,Eox_vs_AgAgCl,eV,all project media at inference,0,,,,SRC_PROJECT_ORIGIN;SRC_PROJECT_TIER2_CURRENT
RXN_MOX_M047,redox,monomer,M047,"Oxidation of 3,4-Dimethoxyfuran",M047_Q0_M1:-1;M047_QP1_M2:+1,M047_Q0_M1 -> M047_QP1_M2 + e-,deltaG_ox_T2_SMD,Eox_vs_AgAgCl,eV,all project media at inference,1,val,,S024;S002;S006;S016,SRC_PROJECT_ORIGIN;SRC_PROJECT_TIER2_CURRENT
RXN_MOX_M048,redox,monomer,M048,"Oxidation of 2,2′-Bifuran",M048_Q0_M1:-1;M048_QP1_M2:+1,M048_Q0_M1 -> M048_QP1_M2 + e-,deltaG_ox_T2_SMD,Eox_vs_AgAgCl,eV,all project media at inference,1,test,,S021;S020;S013;S003,SRC_PROJECT_ORIGIN;SRC_PROJECT_TIER2_CURRENT
RXN_MOX_M049,redox,monomer,M049,"Oxidation of 2,2′:5′,2″-Terfuran",M049_Q0_M1:-1;M049_QP1_M2:+1,M049_Q0_M1 -> M049_QP1_M2 + e-,deltaG_ox_T2_SMD,Eox_vs_AgAgCl,eV,all project media at inference,0,,,,SRC_PROJECT_ORIGIN;SRC_PROJECT_TIER2_CURRENT
RXN_MOX_M050,redox,monomer,M050,Oxidation of Selenophene,M050_Q0_M1:-1;M050_QP1_M2:+1,M050_Q0_M1 -> M050_QP1_M2 + e-,deltaG_ox_T2_SMD,Eox_vs_AgAgCl,eV,all project media at inference,1,train,,S001;S007;S022;S018,SRC_PROJECT_ORIGIN;SRC_PROJECT_TIER2_CURRENT
RXN_MOX_M051,redox,monomer,M051,Oxidation of 3-Methylselenophene,M051_Q0_M1:-1;M051_QP1_M2:+1,M051_Q0_M1 -> M051_QP1_M2 + e-,deltaG_ox_T2_SMD,Eox_vs_AgAgCl,eV,all project media at inference,0,,,,SRC_PROJECT_ORIGIN;SRC_PROJECT_TIER2_CURRENT
RXN_MOX_M052,redox,monomer,M052,Oxidation of 3-Ethylselenophene,M052_Q0_M1:-1;M052_QP1_M2:+1,M052_Q0_M1 -> M052_QP1_M2 + e-,deltaG_ox_T2_SMD,Eox_vs_AgAgCl,eV,all project media at inference,0,,,,SRC_PROJECT_ORIGIN;SRC_PROJECT_TIER2_CURRENT
RXN_MOX_M053,redox,monomer,M053,Oxidation of 3-Butylselenophene,M053_Q0_M1:-1;M053_QP1_M2:+1,M053_Q0_M1 -> M053_QP1_M2 + e-,deltaG_ox_T2_SMD,Eox_vs_AgAgCl,eV,all project media at inference,0,,,,SRC_PROJECT_ORIGIN;SRC_PROJECT_TIER2_CURRENT
RXN_MOX_M054,redox,monomer,M054,Oxidation of 3-Hexylselenophene,M054_Q0_M1:-1;M054_QP1_M2:+1,M054_Q0_M1 -> M054_QP1_M2 + e-,deltaG_ox_T2_SMD,Eox_vs_AgAgCl,eV,all project media at inference,0,,,,SRC_PROJECT_ORIGIN;SRC_PROJECT_TIER2_CURRENT
RXN_MOX_M055,redox,monomer,M055,Oxidation of 3-Octylselenophene,M055_Q0_M1:-1;M055_QP1_M2:+1,M055_Q0_M1 -> M055_QP1_M2 + e-,deltaG_ox_T2_SMD,Eox_vs_AgAgCl,eV,all project media at inference,1,train,,S008;S004;S011;S015,SRC_PROJECT_ORIGIN;SRC_PROJECT_TIER2_CURRENT
RXN_MOX_M056,redox,monomer,M056,Oxidation of 3-Fluoroselenophene,M056_Q0_M1:-1;M056_QP1_M2:+1,M056_Q0_M1 -> M056_QP1_M2 + e-,deltaG_ox_T2_SMD,Eox_vs_AgAgCl,eV,all project media at inference,0,,,,SRC_PROJECT_ORIGIN;SRC_PROJECT_TIER2_CURRENT
RXN_MOX_M057,redox,monomer,M057,"Oxidation of 3,4-Dimethylselenophene",M057_Q0_M1:-1;M057_QP1_M2:+1,M057_Q0_M1 -> M057_QP1_M2 + e-,deltaG_ox_T2_SMD,Eox_vs_AgAgCl,eV,all project media at inference,0,,,,SRC_PROJECT_ORIGIN;SRC_PROJECT_TIER2_CURRENT
RXN_MOX_M058,redox,monomer,M058,"Oxidation of 3,4-Ethylenedioxyselenophene (EDOS)",M058_Q0_M1:-1;M058_QP1_M2:+1,M058_Q0_M1 -> M058_QP1_M2 + e-,deltaG_ox_T2_SMD,Eox_vs_AgAgCl,eV,all project media at inference,1,val,,S025;S005;S012;S016,SRC_PROJECT_ORIGIN;SRC_PROJECT_TIER2_CURRENT
RXN_MOX_M059,redox,monomer,M059,"Oxidation of 3,4-Propylenedioxyselenophene (ProDOS)",M059_Q0_M1:-1;M059_QP1_M2:+1,M059_Q0_M1 -> M059_QP1_M2 + e-,deltaG_ox_T2_SMD,Eox_vs_AgAgCl,eV,all project media at inference,0,,,,SRC_PROJECT_ORIGIN;SRC_PROJECT_TIER2_CURRENT
RXN_MOX_M060,redox,monomer,M060,Oxidation of Aniline,M060_Q0_M1:-1;M060_QP1_M2:+1,M060_Q0_M1 -> M060_QP1_M2 + e-,deltaG_ox_T2_SMD,Eox_vs_AgAgCl,eV,all project media at inference,1,train,,S023;S002;S006;S017,SRC_PROJECT_ORIGIN;SRC_PROJECT_TIER2_CURRENT
RXN_MOX_M061,redox,monomer,M061,Oxidation of 2-Methylaniline (o-toluidine),M061_Q0_M1:-1;M061_QP1_M2:+1,M061_Q0_M1 -> M061_QP1_M2 + e-,deltaG_ox_T2_SMD,Eox_vs_AgAgCl,eV,all project media at inference,0,,,,SRC_PROJECT_ORIGIN;SRC_PROJECT_TIER2_CURRENT
RXN_MOX_M062,redox,monomer,M062,Oxidation of 3-Methylaniline (m-toluidine),M062_Q0_M1:-1;M062_QP1_M2:+1,M062_Q0_M1 -> M062_QP1_M2 + e-,deltaG_ox_T2_SMD,Eox_vs_AgAgCl,eV,all project media at inference,0,,,,SRC_PROJECT_ORIGIN;SRC_PROJECT_TIER2_CURRENT
RXN_MOX_M063,redox,monomer,M063,Oxidation of 2-Methoxyaniline (o-anisidine),M063_Q0_M1:-1;M063_QP1_M2:+1,M063_Q0_M1 -> M063_QP1_M2 + e-,deltaG_ox_T2_SMD,Eox_vs_AgAgCl,eV,all project media at inference,0,,,,SRC_PROJECT_ORIGIN;SRC_PROJECT_TIER2_CURRENT
RXN_MOX_M064,redox,monomer,M064,Oxidation of 3-Methoxyaniline (m-anisidine),M064_Q0_M1:-1;M064_QP1_M2:+1,M064_Q0_M1 -> M064_QP1_M2 + e-,deltaG_ox_T2_SMD,Eox_vs_AgAgCl,eV,all project media at inference,0,,,,SRC_PROJECT_ORIGIN;SRC_PROJECT_TIER2_CURRENT
RXN_MOX_M065,redox,monomer,M065,Oxidation of 2-Aminophenol (o-aminophenol),M065_Q0_M1:-1;M065_QP1_M2:+1,M065_Q0_M1 -> M065_QP1_M2 + e-,deltaG_ox_T2_SMD,Eox_vs_AgAgCl,eV,all project media at inference,0,,,,SRC_PROJECT_ORIGIN;SRC_PROJECT_TIER2_CURRENT
RXN_MOX_M066,redox,monomer,M066,Oxidation of 3-Aminophenol (m-aminophenol),M066_Q0_M1:-1;M066_QP1_M2:+1,M066_Q0_M1 -> M066_QP1_M2 + e-,deltaG_ox_T2_SMD,Eox_vs_AgAgCl,eV,all project media at inference,0,,,,SRC_PROJECT_ORIGIN;SRC_PROJECT_TIER2_CURRENT
RXN_MOX_M067,redox,monomer,M067,Oxidation of 2-Fluoroaniline,M067_Q0_M1:-1;M067_QP1_M2:+1,M067_Q0_M1 -> M067_QP1_M2 + e-,deltaG_ox_T2_SMD,Eox_vs_AgAgCl,eV,all project media at inference,0,,,,SRC_PROJECT_ORIGIN;SRC_PROJECT_TIER2_CURRENT
RXN_MOX_M068,redox,monomer,M068,"Oxidation of 2,6-Dimethylaniline",M068_Q0_M1:-1;M068_QP1_M2:+1,M068_Q0_M1 -> M068_QP1_M2 + e-,deltaG_ox_T2_SMD,Eox_vs_AgAgCl,eV,all project media at inference,1,train,,S024;S020;S013;S003,SRC_PROJECT_ORIGIN;SRC_PROJECT_TIER2_CURRENT
RXN_MOX_M069,redox,monomer,M069,Oxidation of Diphenylamine,M069_Q0_M1:-1;M069_QP1_M2:+1,M069_Q0_M1 -> M069_QP1_M2 + e-,deltaG_ox_T2_SMD,Eox_vs_AgAgCl,eV,all project media at inference,1,test,,S001;S007;S022;S015,SRC_PROJECT_ORIGIN;SRC_PROJECT_TIER2_CURRENT
RXN_MOX_M070,redox,monomer,M070,Oxidation of Carbazole,M070_Q0_M1:-1;M070_QP1_M2:+1,M070_Q0_M1 -> M070_QP1_M2 + e-,deltaG_ox_T2_SMD,Eox_vs_AgAgCl,eV,all project media at inference,1,train,,S014;S004;S011;S016,SRC_PROJECT_ORIGIN;SRC_PROJECT_TIER2_CURRENT
RXN_MOX_M071,redox,monomer,M071,Oxidation of N-Methylcarbazole,M071_Q0_M1:-1;M071_QP1_M2:+1,M071_Q0_M1 -> M071_QP1_M2 + e-,deltaG_ox_T2_SMD,Eox_vs_AgAgCl,eV,all project media at inference,0,,,,SRC_PROJECT_ORIGIN;SRC_PROJECT_TIER2_CURRENT
RXN_MOX_M072,redox,monomer,M072,Oxidation of N-Ethylcarbazole,M072_Q0_M1:-1;M072_QP1_M2:+1,M072_Q0_M1 -> M072_QP1_M2 + e-,deltaG_ox_T2_SMD,Eox_vs_AgAgCl,eV,all project media at inference,0,,,,SRC_PROJECT_ORIGIN;SRC_PROJECT_TIER2_CURRENT
RXN_MOX_M073,redox,monomer,M073,Oxidation of N-Hexylcarbazole,M073_Q0_M1:-1;M073_QP1_M2:+1,M073_Q0_M1 -> M073_QP1_M2 + e-,deltaG_ox_T2_SMD,Eox_vs_AgAgCl,eV,all project media at inference,0,,,,SRC_PROJECT_ORIGIN;SRC_PROJECT_TIER2_CURRENT
RXN_MOX_M074,redox,monomer,M074,Oxidation of N-Octylcarbazole,M074_Q0_M1:-1;M074_QP1_M2:+1,M074_Q0_M1 -> M074_QP1_M2 + e-,deltaG_ox_T2_SMD,Eox_vs_AgAgCl,eV,all project media at inference,1,train,,S008;S005;S012;S017,SRC_PROJECT_ORIGIN;SRC_PROJECT_TIER2_CURRENT
RXN_MOX_M075,redox,monomer,M075,Oxidation of N-Vinylcarbazole,M075_Q0_M1:-1;M075_QP1_M2:+1,M075_Q0_M1 -> M075_QP1_M2 + e-,deltaG_ox_T2_SMD,Eox_vs_AgAgCl,eV,all project media at inference,0,,,,SRC_PROJECT_ORIGIN;SRC_PROJECT_TIER2_CURRENT
RXN_MOX_M076,redox,monomer,M076,"Oxidation of 3,6-Bis(thiophen-2-yl)-9-methylcarbazole",M076_Q0_M1:-1;M076_QP1_M2:+1,M076_Q0_M1 -> M076_QP1_M2 + e-,deltaG_ox_T2_SMD,Eox_vs_AgAgCl,eV,all project media at inference,0,,,,SRC_PROJECT_ORIGIN;SRC_PROJECT_TIER2_CURRENT
RXN_MOX_M077,redox,monomer,M077,"Oxidation of 3,6-Bis(EDOT-2-yl)-9-methylcarbazole",M077_Q0_M1:-1;M077_QP1_M2:+1,M077_Q0_M1 -> M077_QP1_M2 + e-,deltaG_ox_T2_SMD,Eox_vs_AgAgCl,eV,all project media at inference,1,train,,S025;S002;S006;S018,SRC_PROJECT_ORIGIN;SRC_PROJECT_TIER2_CURRENT
RXN_MOX_M078,redox,monomer,M078,"Oxidation of 9,9-Dimethylfluorene",M078_Q0_M1:-1;M078_QP1_M2:+1,M078_Q0_M1 -> M078_QP1_M2 + e-,deltaG_ox_T2_SMD,Eox_vs_AgAgCl,eV,all project media at inference,1,val,,S023;S020;S013;S003,SRC_PROJECT_ORIGIN;SRC_PROJECT_TIER2_CURRENT
RXN_MOX_M079,redox,monomer,M079,"Oxidation of 9,9-Diethylfluorene",M079_Q0_M1:-1;M079_QP1_M2:+1,M079_Q0_M1 -> M079_QP1_M2 + e-,deltaG_ox_T2_SMD,Eox_vs_AgAgCl,eV,all project media at inference,0,,,,SRC_PROJECT_ORIGIN;SRC_PROJECT_TIER2_CURRENT
RXN_MOX_M080,redox,monomer,M080,"Oxidation of 9,9-Dipropylfluorene",M080_Q0_M1:-1;M080_QP1_M2:+1,M080_Q0_M1 -> M080_QP1_M2 + e-,deltaG_ox_T2_SMD,Eox_vs_AgAgCl,eV,all project media at inference,0,,,,SRC_PROJECT_ORIGIN;SRC_PROJECT_TIER2_CURRENT
RXN_MOX_M081,redox,monomer,M081,"Oxidation of 9,9-Dibutylfluorene",M081_Q0_M1:-1;M081_QP1_M2:+1,M081_Q0_M1 -> M081_QP1_M2 + e-,deltaG_ox_T2_SMD,Eox_vs_AgAgCl,eV,all project media at inference,0,,,,SRC_PROJECT_ORIGIN;SRC_PROJECT_TIER2_CURRENT
RXN_MOX_M082,redox,monomer,M082,"Oxidation of 9,9-Dihexylfluorene",M082_Q0_M1:-1;M082_QP1_M2:+1,M082_Q0_M1 -> M082_QP1_M2 + e-,deltaG_ox_T2_SMD,Eox_vs_AgAgCl,eV,all project media at inference,0,,,,SRC_PROJECT_ORIGIN;SRC_PROJECT_TIER2_CURRENT
RXN_MOX_M083,redox,monomer,M083,"Oxidation of 9,9-Dioctylfluorene",M083_Q0_M1:-1;M083_QP1_M2:+1,M083_Q0_M1 -> M083_QP1_M2 + e-,deltaG_ox_T2_SMD,Eox_vs_AgAgCl,eV,all project media at inference,1,train,,S001;S007;S022;S016,SRC_PROJECT_ORIGIN;SRC_PROJECT_TIER2_CURRENT
RXN_MOX_M084,redox,monomer,M084,"Oxidation of 4,7-Bis(thiophen-2-yl)-2,1,3-benzothiadiazole (TBT)",M084_Q0_M1:-1;M084_QP1_M2:+1,M084_Q0_M1 -> M084_QP1_M2 + e-,deltaG_ox_T2_SMD,Eox_vs_AgAgCl,eV,all project media at inference,1,test,test_full25,S001;S002;S003;S004;S005;S006;S007;S008;S009;S010;S011;S012;S013;S014;S015;S016;S017;S018;S019;S020;S021;S022;S023;S024;S025,SRC_PROJECT_ORIGIN;SRC_PROJECT_TIER2_CURRENT
RXN_MOX_M085,redox,monomer,M085,"Oxidation of 4,7-Bis(3-hexylthiophen-2-yl)-2,1,3-benzothiadiazole",M085_Q0_M1:-1;M085_QP1_M2:+1,M085_Q0_M1 -> M085_QP1_M2 + e-,deltaG_ox_T2_SMD,Eox_vs_AgAgCl,eV,all project media at inference,0,,,,SRC_PROJECT_ORIGIN;SRC_PROJECT_TIER2_CURRENT
RXN_MOX_M086,redox,monomer,M086,"Oxidation of Thieno[3,4-b]pyrazine",M086_Q0_M1:-1;M086_QP1_M2:+1,M086_Q0_M1 -> M086_QP1_M2 + e-,deltaG_ox_T2_SMD,Eox_vs_AgAgCl,eV,all project media at inference,1,train,,S014;S005;S012;S018,SRC_PROJECT_ORIGIN;SRC_PROJECT_TIER2_CURRENT
RXN_MOX_M087,redox,monomer,M087,"Oxidation of 2,3-Dimethylthieno[3,4-b]pyrazine",M087_Q0_M1:-1;M087_QP1_M2:+1,M087_Q0_M1 -> M087_QP1_M2 + e-,deltaG_ox_T2_SMD,Eox_vs_AgAgCl,eV,all project media at inference,0,,,,SRC_PROJECT_ORIGIN;SRC_PROJECT_TIER2_CURRENT
RXN_MOX_M088,redox,monomer,M088,"Oxidation of 2,3-Dihexylthieno[3,4-b]pyrazine",M088_Q0_M1:-1;M088_QP1_M2:+1,M088_Q0_M1 -> M088_QP1_M2 + e-,deltaG_ox_T2_SMD,Eox_vs_AgAgCl,eV,all project media at inference,0,,,,SRC_PROJECT_ORIGIN;SRC_PROJECT_TIER2_CURRENT
RXN_MOX_M089,redox,monomer,M089,"Oxidation of 3,6-Bis(thiophen-2-yl)-2,5-dimethyl-DPP (TDPP-Me)",M089_Q0_M1:-1;M089_QP1_M2:+1,M089_Q0_M1 -> M089_QP1_M2 + e-,deltaG_ox_T2_SMD,Eox_vs_AgAgCl,eV,all project media at inference,1,train,,S008;S002;S006;S015,SRC_PROJECT_ORIGIN;SRC_PROJECT_TIER2_CURRENT
RXN_MOX_M090,redox,monomer,M090,"Oxidation of 3,6-Bis(thiophen-2-yl)-2,5-dioctyl-DPP (TDPP-Oct)",M090_Q0_M1:-1;M090_QP1_M2:+1,M090_Q0_M1 -> M090_QP1_M2 + e-,deltaG_ox_T2_SMD,Eox_vs_AgAgCl,eV,all project media at inference,0,,,,SRC_PROJECT_ORIGIN;SRC_PROJECT_TIER2_CURRENT
RXN_MOX_M091,redox,monomer,M091,"Oxidation of N,N′-Dimethylisoindigo",M091_Q0_M1:-1;M091_QP1_M2:+1,M091_Q0_M1 -> M091_QP1_M2 + e-,deltaG_ox_T2_SMD,Eox_vs_AgAgCl,eV,all project media at inference,0,,,,SRC_PROJECT_ORIGIN;SRC_PROJECT_TIER2_CURRENT
RXN_MOX_M092,redox,monomer,M092,"Oxidation of N,N′-Dioctylisoindigo",M092_Q0_M1:-1;M092_QP1_M2:+1,M092_Q0_M1 -> M092_QP1_M2 + e-,deltaG_ox_T2_SMD,Eox_vs_AgAgCl,eV,all project media at inference,0,,,,SRC_PROJECT_ORIGIN;SRC_PROJECT_TIER2_CURRENT
RXN_MOX_M093,redox,monomer,M093,"Oxidation of 4,9-bis(thiophen-2-yl)-[1,2,5]thiadiazolo[3,4-g]quinoxaline (TTDQ)",M093_Q0_M1:-1;M093_QP1_M2:+1,M093_Q0_M1 -> M093_QP1_M2 + e-,deltaG_ox_T2_SMD,Eox_vs_AgAgCl,eV,all project media at inference,0,,,,SRC_PROJECT_ORIGIN;SRC_PROJECT_TIER2_CURRENT
RXN_MOX_M094,redox,monomer,M094,"Oxidation of Cyclopenta[2,1-b:3,4-b′]dithiophene (CPDT)",M094_Q0_M1:-1;M094_QP1_M2:+1,M094_Q0_M1 -> M094_QP1_M2 + e-,deltaG_ox_T2_SMD,Eox_vs_AgAgCl,eV,all project media at inference,1,train,,S025;S020;S013;S003,SRC_PROJECT_ORIGIN;SRC_PROJECT_TIER2_CURRENT
RXN_MOX_M095,redox,monomer,M095,"Oxidation of 4,4-Dimethyl-CPDT",M095_Q0_M1:-1;M095_QP1_M2:+1,M095_Q0_M1 -> M095_QP1_M2 + e-,deltaG_ox_T2_SMD,Eox_vs_AgAgCl,eV,all project media at inference,0,,,,SRC_PROJECT_ORIGIN;SRC_PROJECT_TIER2_CURRENT
RXN_MOX_M096,redox,monomer,M096,"Oxidation of 4,4-Dihexyl-CPDT",M096_Q0_M1:-1;M096_QP1_M2:+1,M096_Q0_M1 -> M096_QP1_M2 + e-,deltaG_ox_T2_SMD,Eox_vs_AgAgCl,eV,all project media at inference,1,val,,S001;S007;S022;S017,SRC_PROJECT_ORIGIN;SRC_PROJECT_TIER2_CURRENT
RXN_MOX_M097,redox,monomer,M097,"Oxidation of Dithieno[3,2-b:2′,3′-d]pyrrole (DTP)",M097_Q0_M1:-1;M097_QP1_M2:+1,M097_Q0_M1 -> M097_QP1_M2 + e-,deltaG_ox_T2_SMD,Eox_vs_AgAgCl,eV,all project media at inference,1,train,,S024;S004;S011;S018,SRC_PROJECT_ORIGIN;SRC_PROJECT_TIER2_CURRENT
RXN_MOX_M098,redox,monomer,M098,"Oxidation of N-Octyl-dithieno[3,2-b:2′,3′-d]pyrrole",M098_Q0_M1:-1;M098_QP1_M2:+1,M098_Q0_M1 -> M098_QP1_M2 + e-,deltaG_ox_T2_SMD,Eox_vs_AgAgCl,eV,all project media at inference,0,,,,SRC_PROJECT_ORIGIN;SRC_PROJECT_TIER2_CURRENT
RXN_MOX_M099,redox,monomer,M099,"Oxidation of Indaceno[1,2-b:5,6-b′]dithiophene (IDT)",M099_Q0_M1:-1;M099_QP1_M2:+1,M099_Q0_M1 -> M099_QP1_M2 + e-,deltaG_ox_T2_SMD,Eox_vs_AgAgCl,eV,all project media at inference,0,,,,SRC_PROJECT_ORIGIN;SRC_PROJECT_TIER2_CURRENT
RXN_MOX_M100,redox,monomer,M100,"Oxidation of Acenaphtho[1,2-c]pyrrole",M100_Q0_M1:-1;M100_QP1_M2:+1,M100_Q0_M1 -> M100_QP1_M2 + e-,deltaG_ox_T2_SMD,Eox_vs_AgAgCl,eV,all project media at inference,0,,,,SRC_PROJECT_ORIGIN;SRC_PROJECT_TIER2_CURRENT
RXN_SOX_S001,redox,solvent,S001,Self-medium oxidation of Acetonitrile (MeCN),S001_Q0_M1:-1;S001_QP1_M2:+1,S001_Q0_M1 -> S001_QP1_M2 + e-,deltaG_ox_T2_SMD,Eox_vs_AgAgCl,eV,self only (S001),1,train,self_medium,S001,SRC_PROJECT_ORIGIN;SRC_PROJECT_TIER2_CURRENT
RXN_SOX_S002,redox,solvent,S002,Self-medium oxidation of Dichloromethane (DCM),S002_Q0_M1:-1;S002_QP1_M2:+1,S002_Q0_M1 -> S002_QP1_M2 + e-,deltaG_ox_T2_SMD,Eox_vs_AgAgCl,eV,self only (S002),1,test,self_medium,S002,SRC_PROJECT_ORIGIN;SRC_PROJECT_TIER2_CURRENT
RXN_SOX_S003,redox,solvent,S003,Self-medium oxidation of Propylene carbonate (PC),S003_Q0_M1:-1;S003_QP1_M2:+1,S003_Q0_M1 -> S003_QP1_M2 + e-,deltaG_ox_T2_SMD,Eox_vs_AgAgCl,eV,self only (S003),1,val,self_medium,S003,SRC_PROJECT_ORIGIN;SRC_PROJECT_TIER2_CURRENT
RXN_SOX_S004,redox,solvent,S004,Self-medium oxidation of Nitrobenzene,S004_Q0_M1:-1;S004_QP1_M2:+1,S004_Q0_M1 -> S004_QP1_M2 + e-,deltaG_ox_T2_SMD,Eox_vs_AgAgCl,eV,self only (S004),1,test,self_medium,S004,SRC_PROJECT_ORIGIN;SRC_PROJECT_TIER2_CURRENT
RXN_SOX_S005,redox,solvent,S005,Self-medium oxidation of Benzonitrile,S005_Q0_M1:-1;S005_QP1_M2:+1,S005_Q0_M1 -> S005_QP1_M2 + e-,deltaG_ox_T2_SMD,Eox_vs_AgAgCl,eV,self only (S005),1,train,self_medium,S005,SRC_PROJECT_ORIGIN;SRC_PROJECT_TIER2_CURRENT
RXN_SOX_S006,redox,solvent,S006,"Self-medium oxidation of N,N-Dimethylformamide (DMF)",S006_Q0_M1:-1;S006_QP1_M2:+1,S006_Q0_M1 -> S006_QP1_M2 + e-,deltaG_ox_T2_SMD,Eox_vs_AgAgCl,eV,self only (S006),1,val,self_medium,S006,SRC_PROJECT_ORIGIN;SRC_PROJECT_TIER2_CURRENT
RXN_SOX_S007,redox,solvent,S007,Self-medium oxidation of Dimethyl sulfoxide (DMSO),S007_Q0_M1:-1;S007_QP1_M2:+1,S007_Q0_M1 -> S007_QP1_M2 + e-,deltaG_ox_T2_SMD,Eox_vs_AgAgCl,eV,self only (S007),1,train,self_medium,S007,SRC_PROJECT_ORIGIN;SRC_PROJECT_TIER2_CURRENT
RXN_SOX_S008,redox,solvent,S008,Self-medium oxidation of Tetrahydrofuran (THF),S008_Q0_M1:-1;S008_QP1_M2:+1,S008_Q0_M1 -> S008_QP1_M2 + e-,deltaG_ox_T2_SMD,Eox_vs_AgAgCl,eV,self only (S008),1,train,self_medium,S008,SRC_PROJECT_ORIGIN;SRC_PROJECT_TIER2_CURRENT
RXN_SOX_S009,redox,solvent,S009,Self-medium oxidation of Nitromethane,S009_Q0_M1:-1;S009_QP1_M2:+1,S009_Q0_M1 -> S009_QP1_M2 + e-,deltaG_ox_T2_SMD,Eox_vs_AgAgCl,eV,self only (S009),1,train,self_medium,S009,SRC_PROJECT_ORIGIN;SRC_PROJECT_TIER2_CURRENT
RXN_SOX_S010,redox,solvent,S010,Self-medium oxidation of Water,S010_Q0_M1:-1;S010_QP1_M2:+1,S010_Q0_M1 -> S010_QP1_M2 + e-,deltaG_ox_T2_SMD,Eox_vs_AgAgCl,eV,self only (S010),1,train,self_medium,S010,SRC_PROJECT_ORIGIN;SRC_PROJECT_TIER2_CURRENT
RXN_SOX_S011,redox,solvent,S011,Self-medium oxidation of γ-Butyrolactone (GBL),S011_Q0_M1:-1;S011_QP1_M2:+1,S011_Q0_M1 -> S011_QP1_M2 + e-,deltaG_ox_T2_SMD,Eox_vs_AgAgCl,eV,self only (S011),1,train,self_medium,S011,SRC_PROJECT_ORIGIN;SRC_PROJECT_TIER2_CURRENT
RXN_SOX_S012,redox,solvent,S012,Self-medium oxidation of Sulfolane,S012_Q0_M1:-1;S012_QP1_M2:+1,S012_Q0_M1 -> S012_QP1_M2 + e-,deltaG_ox_T2_SMD,Eox_vs_AgAgCl,eV,self only (S012),1,train,self_medium,S012,SRC_PROJECT_ORIGIN;SRC_PROJECT_TIER2_CURRENT
RXN_SOX_S013,redox,solvent,S013,Self-medium oxidation of N-Methyl-2-pyrrolidone (NMP),S013_Q0_M1:-1;S013_QP1_M2:+1,S013_Q0_M1 -> S013_QP1_M2 + e-,deltaG_ox_T2_SMD,Eox_vs_AgAgCl,eV,self only (S013),1,train,self_medium,S013,SRC_PROJECT_ORIGIN;SRC_PROJECT_TIER2_CURRENT
RXN_SOX_S014,redox,solvent,S014,Self-medium oxidation of Boron trifluoride diethyl etherate (BFEE),S014_Q0_M1:-1;S014_QP1_M2:+1,S014_Q0_M1 -> S014_QP1_M2 + e-,deltaG_ox_T2_SMD,Eox_vs_AgAgCl,eV,self only (S014),1,train,self_medium,S014,SRC_PROJECT_ORIGIN;SRC_PROJECT_TIER2_CURRENT
RXN_SOX_S015,redox,solvent,S015,Self-medium oxidation of 1-Butyl-3-methylimidazolium hexafluorophosphate ([BMIM][PF6]),S015_Q0_M1:-1;S015_QP1_M2:+1,S015_Q0_M1 -> S015_QP1_M2 + e-,deltaG_ox_T2_SMD,Eox_vs_AgAgCl,eV,self only (S015),1,val,self_medium,S015,SRC_PROJECT_ORIGIN;SRC_PROJECT_TIER2_CURRENT
RXN_SOX_S016,redox,solvent,S016,Self-medium oxidation of 1-Butyl-3-methylimidazolium tetrafluoroborate ([BMIM][BF4]),S016_Q0_M1:-1;S016_QP1_M2:+1,S016_Q0_M1 -> S016_QP1_M2 + e-,deltaG_ox_T2_SMD,Eox_vs_AgAgCl,eV,self only (S016),1,train,self_medium,S016,SRC_PROJECT_ORIGIN;SRC_PROJECT_TIER2_CURRENT
RXN_SOX_S017,redox,solvent,S017,Self-medium oxidation of 1-Ethyl-3-methylimidazolium bis(trifluoromethanesulfonyl)imide ([EMIM][TFSI]),S017_Q0_M1:-1;S017_QP1_M2:+1,S017_Q0_M1 -> S017_QP1_M2 + e-,deltaG_ox_T2_SMD,Eox_vs_AgAgCl,eV,self only (S017),1,test,self_medium,S017,SRC_PROJECT_ORIGIN;SRC_PROJECT_TIER2_CURRENT
RXN_SOX_S018,redox,solvent,S018,Self-medium oxidation of Choline chloride/urea (1:2) deep eutectic solvent,S018_Q0_M1:-1;S018_QP1_M2:+1,S018_Q0_M1 -> S018_QP1_M2 + e-,deltaG_ox_T2_SMD,Eox_vs_AgAgCl,eV,self only (S018),1,train,self_medium,S018,SRC_PROJECT_ORIGIN;SRC_PROJECT_TIER2_CURRENT
RXN_SOX_S019,redox,solvent,S019,Self-medium oxidation of Propionitrile,S019_Q0_M1:-1;S019_QP1_M2:+1,S019_Q0_M1 -> S019_QP1_M2 + e-,deltaG_ox_T2_SMD,Eox_vs_AgAgCl,eV,self only (S019),1,val,self_medium,S019,SRC_PROJECT_ORIGIN;SRC_PROJECT_TIER2_CURRENT
RXN_SOX_S020,redox,solvent,S020,"Self-medium oxidation of 1,2-Dichloroethane",S020_Q0_M1:-1;S020_QP1_M2:+1,S020_Q0_M1 -> S020_QP1_M2 + e-,deltaG_ox_T2_SMD,Eox_vs_AgAgCl,eV,self only (S020),1,train,self_medium,S020,SRC_PROJECT_ORIGIN;SRC_PROJECT_TIER2_CURRENT
RXN_SOX_S021,redox,solvent,S021,Self-medium oxidation of Chloroform,S021_Q0_M1:-1;S021_QP1_M2:+1,S021_Q0_M1 -> S021_QP1_M2 + e-,deltaG_ox_T2_SMD,Eox_vs_AgAgCl,eV,self only (S021),1,train,self_medium,S021,SRC_PROJECT_ORIGIN;SRC_PROJECT_TIER2_CURRENT
RXN_SOX_S022,redox,solvent,S022,Self-medium oxidation of Ethylene carbonate,S022_Q0_M1:-1;S022_QP1_M2:+1,S022_Q0_M1 -> S022_QP1_M2 + e-,deltaG_ox_T2_SMD,Eox_vs_AgAgCl,eV,self only (S022),1,train,self_medium,S022,SRC_PROJECT_ORIGIN;SRC_PROJECT_TIER2_CURRENT
RXN_SOX_S023,redox,solvent,S023,Self-medium oxidation of Dimethyl carbonate,S023_Q0_M1:-1;S023_QP1_M2:+1,S023_Q0_M1 -> S023_QP1_M2 + e-,deltaG_ox_T2_SMD,Eox_vs_AgAgCl,eV,self only (S023),1,train,self_medium,S023,SRC_PROJECT_ORIGIN;SRC_PROJECT_TIER2_CURRENT
RXN_SOX_S024,redox,solvent,S024,"Self-medium oxidation of 1,4-Dioxane",S024_Q0_M1:-1;S024_QP1_M2:+1,S024_Q0_M1 -> S024_QP1_M2 + e-,deltaG_ox_T2_SMD,Eox_vs_AgAgCl,eV,self only (S024),1,test,self_medium,S024,SRC_PROJECT_ORIGIN;SRC_PROJECT_TIER2_CURRENT
RXN_SOX_S025,redox,solvent,S025,Self-medium oxidation of Diethylene glycol dimethyl ether (diglyme),S025_Q0_M1:-1;S025_QP1_M2:+1,S025_Q0_M1 -> S025_QP1_M2 + e-,deltaG_ox_T2_SMD,Eox_vs_AgAgCl,eV,self only (S025),1,train,self_medium,S025,SRC_PROJECT_ORIGIN;SRC_PROJECT_TIER2_CURRENT
RXN_AOX_A001,redox,anion,A001,Oxidation of Hexafluorophosphate (PF6−),A001_QM1_M1:-1;A001_Q0_M2:+1,A001_QM1_M1 -> A001_Q0_M2 + e-,deltaG_ox_T2_SMD,Eox_vs_AgAgCl,eV,all project media at inference,1,train,,S001;S007;S022;S015,SRC_PROJECT_ORIGIN;SRC_PROJECT_TIER2_CURRENT
RXN_AOX_A002,redox,anion,A002,Oxidation of Tetrafluoroborate (BF4−),A002_QM1_M1:-1;A002_Q0_M2:+1,A002_QM1_M1 -> A002_Q0_M2 + e-,deltaG_ox_T2_SMD,Eox_vs_AgAgCl,eV,all project media at inference,1,test,test_full25,S001;S002;S003;S004;S005;S006;S007;S008;S009;S010;S011;S012;S013;S014;S015;S016;S017;S018;S019;S020;S021;S022;S023;S024;S025,SRC_PROJECT_ORIGIN;SRC_PROJECT_TIER2_CURRENT
RXN_AOX_A003,redox,anion,A003,Oxidation of Perchlorate (ClO4−),A003_QM1_M1:-1;A003_Q0_M2:+1,A003_QM1_M1 -> A003_Q0_M2 + e-,deltaG_ox_T2_SMD,Eox_vs_AgAgCl,eV,all project media at inference,1,train,,S023;S005;S012;S017,SRC_PROJECT_ORIGIN;SRC_PROJECT_TIER2_CURRENT
RXN_AOX_A004,redox,anion,A004,Oxidation of Trifluoromethanesulfonate (OTf−),A004_QM1_M1:-1;A004_Q0_M2:+1,A004_QM1_M1 -> A004_Q0_M2 + e-,deltaG_ox_T2_SMD,Eox_vs_AgAgCl,eV,all project media at inference,1,test,,S024;S002;S006;S018,SRC_PROJECT_ORIGIN;SRC_PROJECT_TIER2_CURRENT
RXN_AOX_A005,redox,anion,A005,Oxidation of Bis(trifluoromethanesulfonyl)imide (TFSI−),A005_QM1_M1:-1;A005_Q0_M2:+1,A005_QM1_M1 -> A005_Q0_M2 + e-,deltaG_ox_T2_SMD,Eox_vs_AgAgCl,eV,all project media at inference,1,train,train_full25,S001;S002;S003;S004;S005;S006;S007;S008;S009;S010;S011;S012;S013;S014;S015;S016;S017;S018;S019;S020;S021;S022;S023;S024;S025,SRC_PROJECT_ORIGIN;SRC_PROJECT_TIER2_CURRENT
RXN_AOX_A006,redox,anion,A006,Oxidation of Poly(styrene sulfonate) H-capped repeat-unit anion (PSS− proxy),A006_QM1_M1:-1;A006_Q0_M2:+1,A006_QM1_M1 -> A006_Q0_M2 + e-,deltaG_ox_T2_SMD,Eox_vs_AgAgCl,eV,all project media at inference,1,val,,S001;S007;S022;S016,SRC_PROJECT_ORIGIN;SRC_PROJECT_TIER2_CURRENT
RXN_AOX_A007,redox,anion,A007,Oxidation of 4-Dodecylbenzenesulfonate (DBSA−),A007_QM1_M1:-1;A007_Q0_M2:+1,A007_QM1_M1 -> A007_Q0_M2 + e-,deltaG_ox_T2_SMD,Eox_vs_AgAgCl,eV,all project media at inference,1,train,,S008;S004;S011;S017,SRC_PROJECT_ORIGIN;SRC_PROJECT_TIER2_CURRENT
RXN_AOX_A008,redox,anion,A008,Oxidation of Hydrogen sulfate (HSO4−),A008_QM1_M1:-1;A008_Q0_M2:+1,A008_QM1_M1 -> A008_Q0_M2 + e-,deltaG_ox_T2_SMD,Eox_vs_AgAgCl,eV,all project media at inference,1,train,,S025;S005;S012;S018,SRC_PROJECT_ORIGIN;SRC_PROJECT_TIER2_CURRENT
RXN_AOX_A009,redox,anion,A009,"Oxidation of 4-Methylbenzenesulfonate (tosylate, pTS−)",A009_QM1_M1:-1;A009_Q0_M2:+1,A009_QM1_M1 -> A009_Q0_M2 + e-,deltaG_ox_T2_SMD,Eox_vs_AgAgCl,eV,all project media at inference,1,train,,S023;S002;S006;S015,SRC_PROJECT_ORIGIN;SRC_PROJECT_TIER2_CURRENT
RXN_AOX_A010,redox,anion,A010,Oxidation of Camphor-10-sulfonate (CSA−),A010_QM1_M1:-1;A010_Q0_M2:+1,A010_QM1_M1 -> A010_Q0_M2 + e-,deltaG_ox_T2_SMD,Eox_vs_AgAgCl,eV,all project media at inference,1,train,,S024;S020;S013;S003,SRC_PROJECT_ORIGIN;SRC_PROJECT_TIER2_CURRENT
RXN_AOX_A011,redox,anion,A011,Oxidation of Chloride (Cl−),A011_QM1_M1:-1;A011_Q0_M2:+1,A011_QM1_M1 -> A011_Q0_M2 + e-,deltaG_ox_T2_SMD,Eox_vs_AgAgCl,eV,all project media at inference,1,val,,S001;S007;S022;S017,SRC_PROJECT_ORIGIN;SRC_PROJECT_TIER2_CURRENT
RXN_SIG_M001,sigma_dimerization,monomer_sigma,M001,Sigma coupling of Thiophene radical cations,M001_QP1_M2:-2;D001_QP2_M1:+1,2 M001_QP1_M2 -> D001_QP2_M1,deltaG_sigma_T2_SMD,deltaG_sigma_kcal_mol,eV,all project media at inference,1,train,,S001;S007;S022;S015,SRC_PROJECT_TIER2_CURRENT
RXN_SIG_M002,sigma_dimerization,monomer_sigma,M002,Sigma coupling of 3-Methylthiophene radical cations,M002_QP1_M2:-2;D002_QP2_M1:+1,2 M002_QP1_M2 -> D002_QP2_M1,deltaG_sigma_T2_SMD,deltaG_sigma_kcal_mol,eV,all project media at inference,0,,,,SRC_PROJECT_TIER2_CURRENT
RXN_SIG_M003,sigma_dimerization,monomer_sigma,M003,Sigma coupling of 3-Ethylthiophene radical cations,M003_QP1_M2:-2;D003_QP2_M1:+1,2 M003_QP1_M2 -> D003_QP2_M1,deltaG_sigma_T2_SMD,deltaG_sigma_kcal_mol,eV,all project media at inference,0,,,,SRC_PROJECT_TIER2_CURRENT
RXN_SIG_M004,sigma_dimerization,monomer_sigma,M004,Sigma coupling of 3-Propylthiophene radical cations,M004_QP1_M2:-2;D004_QP2_M1:+1,2 M004_QP1_M2 -> D004_QP2_M1,deltaG_sigma_T2_SMD,deltaG_sigma_kcal_mol,eV,all project media at inference,0,,,,SRC_PROJECT_TIER2_CURRENT
RXN_SIG_M005,sigma_dimerization,monomer_sigma,M005,Sigma coupling of 3-Butylthiophene radical cations,M005_QP1_M2:-2;D005_QP2_M1:+1,2 M005_QP1_M2 -> D005_QP2_M1,deltaG_sigma_T2_SMD,deltaG_sigma_kcal_mol,eV,all project media at inference,0,,,,SRC_PROJECT_TIER2_CURRENT
RXN_SIG_M006,sigma_dimerization,monomer_sigma,M006,Sigma coupling of 3-Hexylthiophene (3HT) radical cations,M006_QP1_M2:-2;D006_QP2_M1:+1,2 M006_QP1_M2 -> D006_QP2_M1,deltaG_sigma_T2_SMD,deltaG_sigma_kcal_mol,eV,all project media at inference,0,,,,SRC_PROJECT_TIER2_CURRENT
RXN_SIG_M007,sigma_dimerization,monomer_sigma,M007,Sigma coupling of 3-Octylthiophene radical cations,M007_QP1_M2:-2;D007_QP2_M1:+1,2 M007_QP1_M2 -> D007_QP2_M1,deltaG_sigma_T2_SMD,deltaG_sigma_kcal_mol,eV,all project media at inference,1,test,,S024;S004;S011;S016,SRC_PROJECT_TIER2_CURRENT
RXN_SIG_M008,sigma_dimerization,monomer_sigma,M008,Sigma coupling of 3-Methoxythiophene radical cations,M008_QP1_M2:-2;D008_QP2_M1:+1,2 M008_QP1_M2 -> D008_QP2_M1,deltaG_sigma_T2_SMD,deltaG_sigma_kcal_mol,eV,all project media at inference,0,,,,SRC_PROJECT_TIER2_CURRENT
RXN_SIG_M009,sigma_dimerization,monomer_sigma,M009,Sigma coupling of 3-Ethoxythiophene radical cations,M009_QP1_M2:-2;D009_QP2_M1:+1,2 M009_QP1_M2 -> D009_QP2_M1,deltaG_sigma_T2_SMD,deltaG_sigma_kcal_mol,eV,all project media at inference,0,,,,SRC_PROJECT_TIER2_CURRENT
RXN_SIG_M010,sigma_dimerization,monomer_sigma,M010,Sigma coupling of 3-Fluorothiophene radical cations,M010_QP1_M2:-2;D010_QP2_M1:+1,2 M010_QP1_M2 -> D010_QP2_M1,deltaG_sigma_T2_SMD,deltaG_sigma_kcal_mol,eV,all project media at inference,0,,,,SRC_PROJECT_TIER2_CURRENT
RXN_SIG_M011,sigma_dimerization,monomer_sigma,M011,Sigma coupling of 3-Chlorothiophene radical cations,M011_QP1_M2:-2;D011_QP2_M1:+1,2 M011_QP1_M2 -> D011_QP2_M1,deltaG_sigma_T2_SMD,deltaG_sigma_kcal_mol,eV,all project media at inference,0,,,,SRC_PROJECT_TIER2_CURRENT
RXN_SIG_M012,sigma_dimerization,monomer_sigma,M012,Sigma coupling of 3-Bromothiophene radical cations,M012_QP1_M2:-2;D012_QP2_M1:+1,2 M012_QP1_M2 -> D012_QP2_M1,deltaG_sigma_T2_SMD,deltaG_sigma_kcal_mol,eV,all project media at inference,0,,,,SRC_PROJECT_TIER2_CURRENT
RXN_SIG_M013,sigma_dimerization,monomer_sigma,M013,Sigma coupling of Thiophene-3-carbonitrile radical cations,M013_QP1_M2:-2;D013_QP2_M1:+1,2 M013_QP1_M2 -> D013_QP2_M1,deltaG_sigma_T2_SMD,deltaG_sigma_kcal_mol,eV,all project media at inference,0,,,,SRC_PROJECT_TIER2_CURRENT
RXN_SIG_M014,sigma_dimerization,monomer_sigma,M014,Sigma coupling of Methyl thiophene-3-carboxylate radical cations,M014_QP1_M2:-2;D014_QP2_M1:+1,2 M014_QP1_M2 -> D014_QP2_M1,deltaG_sigma_T2_SMD,deltaG_sigma_kcal_mol,eV,all project media at inference,0,,,,SRC_PROJECT_TIER2_CURRENT
RXN_SIG_M015,sigma_dimerization,monomer_sigma,M015,Sigma coupling of 3-Acetylthiophene radical cations,M015_QP1_M2:-2;D015_QP2_M1:+1,2 M015_QP1_M2 -> D015_QP2_M1,deltaG_sigma_T2_SMD,deltaG_sigma_kcal_mol,eV,all project media at inference,0,,,,SRC_PROJECT_TIER2_CURRENT
RXN_SIG_M016,sigma_dimerization,monomer_sigma,M016,"Sigma coupling of 3,4-Dimethylthiophene radical cations",M016_QP1_M2:-2;D016_QP2_M1:+1,2 M016_QP1_M2 -> D016_QP2_M1,deltaG_sigma_T2_SMD,deltaG_sigma_kcal_mol,eV,all project media at inference,0,,,,SRC_PROJECT_TIER2_CURRENT
RXN_SIG_M017,sigma_dimerization,monomer_sigma,M017,"Sigma coupling of 3,4-Diethylthiophene radical cations",M017_QP1_M2:-2;D017_QP2_M1:+1,2 M017_QP1_M2 -> D017_QP2_M1,deltaG_sigma_T2_SMD,deltaG_sigma_kcal_mol,eV,all project media at inference,0,,,,SRC_PROJECT_TIER2_CURRENT
RXN_SIG_M018,sigma_dimerization,monomer_sigma,M018,"Sigma coupling of 3,4-Difluorothiophene radical cations",M018_QP1_M2:-2;D018_QP2_M1:+1,2 M018_QP1_M2 -> D018_QP2_M1,deltaG_sigma_T2_SMD,deltaG_sigma_kcal_mol,eV,all project media at inference,0,,,,SRC_PROJECT_TIER2_CURRENT
RXN_SIG_M019,sigma_dimerization,monomer_sigma,M019,"Sigma coupling of 3,4-Dichlorothiophene radical cations",M019_QP1_M2:-2;D019_QP2_M1:+1,2 M019_QP1_M2 -> D019_QP2_M1,deltaG_sigma_T2_SMD,deltaG_sigma_kcal_mol,eV,all project media at inference,0,,,,SRC_PROJECT_TIER2_CURRENT
RXN_SIG_M020,sigma_dimerization,monomer_sigma,M020,"Sigma coupling of 3,4-Dimethoxythiophene radical cations",M020_QP1_M2:-2;D020_QP2_M1:+1,2 M020_QP1_M2 -> D020_QP2_M1,deltaG_sigma_T2_SMD,deltaG_sigma_kcal_mol,eV,all project media at inference,0,,,,SRC_PROJECT_TIER2_CURRENT
RXN_SIG_M021,sigma_dimerization,monomer_sigma,M021,Sigma coupling of 3-(Trifluoromethyl)thiophene radical cations,M021_QP1_M2:-2;D021_QP2_M1:+1,2 M021_QP1_M2 -> D021_QP2_M1,deltaG_sigma_T2_SMD,deltaG_sigma_kcal_mol,eV,all project media at inference,0,,,,SRC_PROJECT_TIER2_CURRENT
RXN_SIG_M022,sigma_dimerization,monomer_sigma,M022,"Sigma coupling of 3,4-Ethylenedioxythiophene (EDOT) radical cations",M022_QP1_M2:-2;D022_QP2_M1:+1,2 M022_QP1_M2 -> D022_QP2_M1,deltaG_sigma_T2_SMD,deltaG_sigma_kcal_mol,eV,all project media at inference,1,train,train_full25,S001;S002;S003;S004;S005;S006;S007;S008;S009;S010;S011;S012;S013;S014;S015;S016;S017;S018;S019;S020;S021;S022;S023;S024;S025,SRC_PROJECT_TIER2_CURRENT
RXN_SIG_M023,sigma_dimerization,monomer_sigma,M023,"Sigma coupling of 3,4-Propylenedioxythiophene (ProDOT) radical cations",M023_QP1_M2:-2;D023_QP2_M1:+1,2 M023_QP1_M2 -> D023_QP2_M1,deltaG_sigma_T2_SMD,deltaG_sigma_kcal_mol,eV,all project media at inference,0,,,,SRC_PROJECT_TIER2_CURRENT
RXN_SIG_M024,sigma_dimerization,monomer_sigma,M024,"Sigma coupling of 2,2′-Bithiophene radical cations",M024_QP1_M2:-2;D024_QP2_M1:+1,2 M024_QP1_M2 -> D024_QP2_M1,deltaG_sigma_T2_SMD,deltaG_sigma_kcal_mol,eV,all project media at inference,1,train,,S023;S004;S011;S017,SRC_PROJECT_TIER2_CURRENT
RXN_SIG_M025,sigma_dimerization,monomer_sigma,M025,"Sigma coupling of 2,2′:5′,2″-Terthiophene radical cations",M025_QP1_M2:-2;D025_QP2_M1:+1,2 M025_QP1_M2 -> D025_QP2_M1,deltaG_sigma_T2_SMD,deltaG_sigma_kcal_mol,eV,all project media at inference,0,,,,SRC_PROJECT_TIER2_CURRENT
RXN_SIG_M026,sigma_dimerization,monomer_sigma,M026,Sigma coupling of Pyrrole radical cations,M026_QP1_M2:-2;D026_QP2_M1:+1,2 M026_QP1_M2 -> D026_QP2_M1,deltaG_sigma_T2_SMD,deltaG_sigma_kcal_mol,eV,all project media at inference,1,train,,S024;S005;S012;S018,SRC_PROJECT_TIER2_CURRENT
RXN_SIG_M027,sigma_dimerization,monomer_sigma,M027,Sigma coupling of N-Methylpyrrole radical cations,M027_QP1_M2:-2;D027_QP2_M1:+1,2 M027_QP1_M2 -> D027_QP2_M1,deltaG_sigma_T2_SMD,deltaG_sigma_kcal_mol,eV,all project media at inference,1,test,test_full25,S001;S002;S003;S004;S005;S006;S007;S008;S009;S010;S011;S012;S013;S014;S015;S016;S017;S018;S019;S020;S021;S022;S023;S024;S025,SRC_PROJECT_TIER2_CURRENT
RXN_SIG_M028,sigma_dimerization,monomer_sigma,M028,Sigma coupling of N-Ethylpyrrole radical cations,M028_QP1_M2:-2;D028_QP2_M1:+1,2 M028_QP1_M2 -> D028_QP2_M1,deltaG_sigma_T2_SMD,deltaG_sigma_kcal_mol,eV,all project media at inference,0,,,,SRC_PROJECT_TIER2_CURRENT
RXN_SIG_M029,sigma_dimerization,monomer_sigma,M029,Sigma coupling of N-Propylpyrrole radical cations,M029_QP1_M2:-2;D029_QP2_M1:+1,2 M029_QP1_M2 -> D029_QP2_M1,deltaG_sigma_T2_SMD,deltaG_sigma_kcal_mol,eV,all project media at inference,0,,,,SRC_PROJECT_TIER2_CURRENT
RXN_SIG_M030,sigma_dimerization,monomer_sigma,M030,Sigma coupling of N-Hexylpyrrole radical cations,M030_QP1_M2:-2;D030_QP2_M1:+1,2 M030_QP1_M2 -> D030_QP2_M1,deltaG_sigma_T2_SMD,deltaG_sigma_kcal_mol,eV,all project media at inference,0,,,,SRC_PROJECT_TIER2_CURRENT
RXN_SIG_M031,sigma_dimerization,monomer_sigma,M031,Sigma coupling of N-Octylpyrrole radical cations,M031_QP1_M2:-2;D031_QP2_M1:+1,2 M031_QP1_M2 -> D031_QP2_M1,deltaG_sigma_T2_SMD,deltaG_sigma_kcal_mol,eV,all project media at inference,0,,,,SRC_PROJECT_TIER2_CURRENT
RXN_SIG_M032,sigma_dimerization,monomer_sigma,M032,Sigma coupling of 3-Methylpyrrole radical cations,M032_QP1_M2:-2;D032_QP2_M1:+1,2 M032_QP1_M2 -> D032_QP2_M1,deltaG_sigma_T2_SMD,deltaG_sigma_kcal_mol,eV,all project media at inference,0,,,,SRC_PROJECT_TIER2_CURRENT
RXN_SIG_M033,sigma_dimerization,monomer_sigma,M033,Sigma coupling of 3-Ethylpyrrole radical cations,M033_QP1_M2:-2;D033_QP2_M1:+1,2 M033_QP1_M2 -> D033_QP2_M1,deltaG_sigma_T2_SMD,deltaG_sigma_kcal_mol,eV,all project media at inference,0,,,,SRC_PROJECT_TIER2_CURRENT
RXN_SIG_M034,sigma_dimerization,monomer_sigma,M034,"Sigma coupling of 3,4-Dimethylpyrrole radical cations",M034_QP1_M2:-2;D034_QP2_M1:+1,2 M034_QP1_M2 -> D034_QP2_M1,deltaG_sigma_T2_SMD,deltaG_sigma_kcal_mol,eV,all project media at inference,0,,,,SRC_PROJECT_TIER2_CURRENT
RXN_SIG_M035,sigma_dimerization,monomer_sigma,M035,"Sigma coupling of 3,4-Diethylpyrrole radical cations",M035_QP1_M2:-2;D035_QP2_M1:+1,2 M035_QP1_M2 -> D035_QP2_M1,deltaG_sigma_T2_SMD,deltaG_sigma_kcal_mol,eV,all project media at inference,0,,,,SRC_PROJECT_TIER2_CURRENT
RXN_SIG_M036,sigma_dimerization,monomer_sigma,M036,"Sigma coupling of 3,4-Ethylenedioxypyrrole (EDOP) radical cations",M036_QP1_M2:-2;D036_QP2_M1:+1,2 M036_QP1_M2 -> D036_QP2_M1,deltaG_sigma_T2_SMD,deltaG_sigma_kcal_mol,eV,all project media at inference,0,,,,SRC_PROJECT_TIER2_CURRENT
RXN_SIG_M037,sigma_dimerization,monomer_sigma,M037,"Sigma coupling of N-Methyl-3,4-ethylenedioxypyrrole (N-Me-EDOP) radical cations",M037_QP1_M2:-2;D037_QP2_M1:+1,2 M037_QP1_M2 -> D037_QP2_M1,deltaG_sigma_T2_SMD,deltaG_sigma_kcal_mol,eV,all project media at inference,0,,,,SRC_PROJECT_TIER2_CURRENT
RXN_SIG_M038,sigma_dimerization,monomer_sigma,M038,Sigma coupling of Furan radical cations,M038_QP1_M2:-2;D038_QP2_M1:+1,2 M038_QP1_M2 -> D038_QP2_M1,deltaG_sigma_T2_SMD,deltaG_sigma_kcal_mol,eV,all project media at inference,1,train,,S025;S004;S011;S018,SRC_PROJECT_TIER2_CURRENT
RXN_SIG_M039,sigma_dimerization,monomer_sigma,M039,Sigma coupling of 3-Methylfuran radical cations,M039_QP1_M2:-2;D039_QP2_M1:+1,2 M039_QP1_M2 -> D039_QP2_M1,deltaG_sigma_T2_SMD,deltaG_sigma_kcal_mol,eV,all project media at inference,0,,,,SRC_PROJECT_TIER2_CURRENT
RXN_SIG_M040,sigma_dimerization,monomer_sigma,M040,Sigma coupling of 3-Ethylfuran radical cations,M040_QP1_M2:-2;D040_QP2_M1:+1,2 M040_QP1_M2 -> D040_QP2_M1,deltaG_sigma_T2_SMD,deltaG_sigma_kcal_mol,eV,all project media at inference,0,,,,SRC_PROJECT_TIER2_CURRENT
RXN_SIG_M041,sigma_dimerization,monomer_sigma,M041,Sigma coupling of 3-Hexylfuran radical cations,M041_QP1_M2:-2;D041_QP2_M1:+1,2 M041_QP1_M2 -> D041_QP2_M1,deltaG_sigma_T2_SMD,deltaG_sigma_kcal_mol,eV,all project media at inference,0,,,,SRC_PROJECT_TIER2_CURRENT
RXN_SIG_M042,sigma_dimerization,monomer_sigma,M042,Sigma coupling of 3-Octylfuran radical cations,M042_QP1_M2:-2;D042_QP2_M1:+1,2 M042_QP1_M2 -> D042_QP2_M1,deltaG_sigma_T2_SMD,deltaG_sigma_kcal_mol,eV,all project media at inference,1,train,,S023;S005;S012;S015,SRC_PROJECT_TIER2_CURRENT
RXN_SIG_M043,sigma_dimerization,monomer_sigma,M043,Sigma coupling of 3-Methoxyfuran radical cations,M043_QP1_M2:-2;D043_QP2_M1:+1,2 M043_QP1_M2 -> D043_QP2_M1,deltaG_sigma_T2_SMD,deltaG_sigma_kcal_mol,eV,all project media at inference,0,,,,SRC_PROJECT_TIER2_CURRENT
RXN_SIG_M044,sigma_dimerization,monomer_sigma,M044,Sigma coupling of 3-Fluorofuran radical cations,M044_QP1_M2:-2;D044_QP2_M1:+1,2 M044_QP1_M2 -> D044_QP2_M1,deltaG_sigma_T2_SMD,deltaG_sigma_kcal_mol,eV,all project media at inference,0,,,,SRC_PROJECT_TIER2_CURRENT
RXN_SIG_M045,sigma_dimerization,monomer_sigma,M045,"Sigma coupling of 3,4-Dimethylfuran radical cations",M045_QP1_M2:-2;D045_QP2_M1:+1,2 M045_QP1_M2 -> D045_QP2_M1,deltaG_sigma_T2_SMD,deltaG_sigma_kcal_mol,eV,all project media at inference,0,,,,SRC_PROJECT_TIER2_CURRENT
RXN_SIG_M046,sigma_dimerization,monomer_sigma,M046,"Sigma coupling of 3,4-Difluorofuran radical cations",M046_QP1_M2:-2;D046_QP2_M1:+1,2 M046_QP1_M2 -> D046_QP2_M1,deltaG_sigma_T2_SMD,deltaG_sigma_kcal_mol,eV,all project media at inference,0,,,,SRC_PROJECT_TIER2_CURRENT
RXN_SIG_M047,sigma_dimerization,monomer_sigma,M047,"Sigma coupling of 3,4-Dimethoxyfuran radical cations",M047_QP1_M2:-2;D047_QP2_M1:+1,2 M047_QP1_M2 -> D047_QP2_M1,deltaG_sigma_T2_SMD,deltaG_sigma_kcal_mol,eV,all project media at inference,0,,,,SRC_PROJECT_TIER2_CURRENT
RXN_SIG_M048,sigma_dimerization,monomer_sigma,M048,"Sigma coupling of 2,2′-Bifuran radical cations",M048_QP1_M2:-2;D048_QP2_M1:+1,2 M048_QP1_M2 -> D048_QP2_M1,deltaG_sigma_T2_SMD,deltaG_sigma_kcal_mol,eV,all project media at inference,0,,,,SRC_PROJECT_TIER2_CURRENT
RXN_SIG_M049,sigma_dimerization,monomer_sigma,M049,"Sigma coupling of 2,2′:5′,2″-Terfuran radical cations",M049_QP1_M2:-2;D049_QP2_M1:+1,2 M049_QP1_M2 -> D049_QP2_M1,deltaG_sigma_T2_SMD,deltaG_sigma_kcal_mol,eV,all project media at inference,0,,,,SRC_PROJECT_TIER2_CURRENT
RXN_SIG_M050,sigma_dimerization,monomer_sigma,M050,Sigma coupling of Selenophene radical cations,M050_QP1_M2:-2;D050_QP2_M1:+1,2 M050_QP1_M2 -> D050_QP2_M1,deltaG_sigma_T2_SMD,deltaG_sigma_kcal_mol,eV,all project media at inference,0,,,,SRC_PROJECT_TIER2_CURRENT
RXN_SIG_M051,sigma_dimerization,monomer_sigma,M051,Sigma coupling of 3-Methylselenophene radical cations,M051_QP1_M2:-2;D051_QP2_M1:+1,2 M051_QP1_M2 -> D051_QP2_M1,deltaG_sigma_T2_SMD,deltaG_sigma_kcal_mol,eV,all project media at inference,0,,,,SRC_PROJECT_TIER2_CURRENT
RXN_SIG_M052,sigma_dimerization,monomer_sigma,M052,Sigma coupling of 3-Ethylselenophene radical cations,M052_QP1_M2:-2;D052_QP2_M1:+1,2 M052_QP1_M2 -> D052_QP2_M1,deltaG_sigma_T2_SMD,deltaG_sigma_kcal_mol,eV,all project media at inference,0,,,,SRC_PROJECT_TIER2_CURRENT
RXN_SIG_M053,sigma_dimerization,monomer_sigma,M053,Sigma coupling of 3-Butylselenophene radical cations,M053_QP1_M2:-2;D053_QP2_M1:+1,2 M053_QP1_M2 -> D053_QP2_M1,deltaG_sigma_T2_SMD,deltaG_sigma_kcal_mol,eV,all project media at inference,0,,,,SRC_PROJECT_TIER2_CURRENT
RXN_SIG_M054,sigma_dimerization,monomer_sigma,M054,Sigma coupling of 3-Hexylselenophene radical cations,M054_QP1_M2:-2;D054_QP2_M1:+1,2 M054_QP1_M2 -> D054_QP2_M1,deltaG_sigma_T2_SMD,deltaG_sigma_kcal_mol,eV,all project media at inference,0,,,,SRC_PROJECT_TIER2_CURRENT
RXN_SIG_M055,sigma_dimerization,monomer_sigma,M055,Sigma coupling of 3-Octylselenophene radical cations,M055_QP1_M2:-2;D055_QP2_M1:+1,2 M055_QP1_M2 -> D055_QP2_M1,deltaG_sigma_T2_SMD,deltaG_sigma_kcal_mol,eV,all project media at inference,1,train,,S008;S004;S011;S015,SRC_PROJECT_TIER2_CURRENT
RXN_SIG_M056,sigma_dimerization,monomer_sigma,M056,Sigma coupling of 3-Fluoroselenophene radical cations,M056_QP1_M2:-2;D056_QP2_M1:+1,2 M056_QP1_M2 -> D056_QP2_M1,deltaG_sigma_T2_SMD,deltaG_sigma_kcal_mol,eV,all project media at inference,0,,,,SRC_PROJECT_TIER2_CURRENT
RXN_SIG_M057,sigma_dimerization,monomer_sigma,M057,"Sigma coupling of 3,4-Dimethylselenophene radical cations",M057_QP1_M2:-2;D057_QP2_M1:+1,2 M057_QP1_M2 -> D057_QP2_M1,deltaG_sigma_T2_SMD,deltaG_sigma_kcal_mol,eV,all project media at inference,0,,,,SRC_PROJECT_TIER2_CURRENT
RXN_SIG_M058,sigma_dimerization,monomer_sigma,M058,"Sigma coupling of 3,4-Ethylenedioxyselenophene (EDOS) radical cations",M058_QP1_M2:-2;D058_QP2_M1:+1,2 M058_QP1_M2 -> D058_QP2_M1,deltaG_sigma_T2_SMD,deltaG_sigma_kcal_mol,eV,all project media at inference,1,val,,S025;S005;S012;S016,SRC_PROJECT_TIER2_CURRENT
RXN_SIG_M059,sigma_dimerization,monomer_sigma,M059,"Sigma coupling of 3,4-Propylenedioxyselenophene (ProDOS) radical cations",M059_QP1_M2:-2;D059_QP2_M1:+1,2 M059_QP1_M2 -> D059_QP2_M1,deltaG_sigma_T2_SMD,deltaG_sigma_kcal_mol,eV,all project media at inference,0,,,,SRC_PROJECT_TIER2_CURRENT
RXN_SIG_M060,sigma_dimerization,monomer_sigma,M060,Sigma coupling of Aniline radical cations,M060_QP1_M2:-2;D060_QP2_M1:+1,2 M060_QP1_M2 -> D060_QP2_M1,deltaG_sigma_T2_SMD,deltaG_sigma_kcal_mol,eV,all project media at inference,1,train,,S023;S002;S006;S017,SRC_PROJECT_TIER2_CURRENT
RXN_SIG_M061,sigma_dimerization,monomer_sigma,M061,Sigma coupling of 2-Methylaniline (o-toluidine) radical cations,M061_QP1_M2:-2;D061_QP2_M1:+1,2 M061_QP1_M2 -> D061_QP2_M1,deltaG_sigma_T2_SMD,deltaG_sigma_kcal_mol,eV,all project media at inference,0,,,,SRC_PROJECT_TIER2_CURRENT
RXN_SIG_M062,sigma_dimerization,monomer_sigma,M062,Sigma coupling of 3-Methylaniline (m-toluidine) radical cations,M062_QP1_M2:-2;D062_QP2_M1:+1,2 M062_QP1_M2 -> D062_QP2_M1,deltaG_sigma_T2_SMD,deltaG_sigma_kcal_mol,eV,all project media at inference,0,,,,SRC_PROJECT_TIER2_CURRENT
RXN_SIG_M063,sigma_dimerization,monomer_sigma,M063,Sigma coupling of 2-Methoxyaniline (o-anisidine) radical cations,M063_QP1_M2:-2;D063_QP2_M1:+1,2 M063_QP1_M2 -> D063_QP2_M1,deltaG_sigma_T2_SMD,deltaG_sigma_kcal_mol,eV,all project media at inference,0,,,,SRC_PROJECT_TIER2_CURRENT
RXN_SIG_M064,sigma_dimerization,monomer_sigma,M064,Sigma coupling of 3-Methoxyaniline (m-anisidine) radical cations,M064_QP1_M2:-2;D064_QP2_M1:+1,2 M064_QP1_M2 -> D064_QP2_M1,deltaG_sigma_T2_SMD,deltaG_sigma_kcal_mol,eV,all project media at inference,0,,,,SRC_PROJECT_TIER2_CURRENT
RXN_SIG_M065,sigma_dimerization,monomer_sigma,M065,Sigma coupling of 2-Aminophenol (o-aminophenol) radical cations,M065_QP1_M2:-2;D065_QP2_M1:+1,2 M065_QP1_M2 -> D065_QP2_M1,deltaG_sigma_T2_SMD,deltaG_sigma_kcal_mol,eV,all project media at inference,0,,,,SRC_PROJECT_TIER2_CURRENT
RXN_SIG_M066,sigma_dimerization,monomer_sigma,M066,Sigma coupling of 3-Aminophenol (m-aminophenol) radical cations,M066_QP1_M2:-2;D066_QP2_M1:+1,2 M066_QP1_M2 -> D066_QP2_M1,deltaG_sigma_T2_SMD,deltaG_sigma_kcal_mol,eV,all project media at inference,0,,,,SRC_PROJECT_TIER2_CURRENT
RXN_SIG_M067,sigma_dimerization,monomer_sigma,M067,Sigma coupling of 2-Fluoroaniline radical cations,M067_QP1_M2:-2;D067_QP2_M1:+1,2 M067_QP1_M2 -> D067_QP2_M1,deltaG_sigma_T2_SMD,deltaG_sigma_kcal_mol,eV,all project media at inference,0,,,,SRC_PROJECT_TIER2_CURRENT
RXN_SIG_M068,sigma_dimerization,monomer_sigma,M068,"Sigma coupling of 2,6-Dimethylaniline radical cations",M068_QP1_M2:-2;D068_QP2_M1:+1,2 M068_QP1_M2 -> D068_QP2_M1,deltaG_sigma_T2_SMD,deltaG_sigma_kcal_mol,eV,all project media at inference,1,train,,S024;S020;S013;S003,SRC_PROJECT_TIER2_CURRENT
RXN_SIG_M069,sigma_dimerization,monomer_sigma,M069,Sigma coupling of Diphenylamine radical cations,M069_QP1_M2:-2;D069_QP2_M1:+1,2 M069_QP1_M2 -> D069_QP2_M1,deltaG_sigma_T2_SMD,deltaG_sigma_kcal_mol,eV,all project media at inference,0,,,,SRC_PROJECT_TIER2_CURRENT
RXN_SIG_M070,sigma_dimerization,monomer_sigma,M070,Sigma coupling of Carbazole radical cations,M070_QP1_M2:-2;D070_QP2_M1:+1,2 M070_QP1_M2 -> D070_QP2_M1,deltaG_sigma_T2_SMD,deltaG_sigma_kcal_mol,eV,all project media at inference,1,train,,S014;S004;S011;S016,SRC_PROJECT_TIER2_CURRENT
RXN_SIG_M071,sigma_dimerization,monomer_sigma,M071,Sigma coupling of N-Methylcarbazole radical cations,M071_QP1_M2:-2;D071_QP2_M1:+1,2 M071_QP1_M2 -> D071_QP2_M1,deltaG_sigma_T2_SMD,deltaG_sigma_kcal_mol,eV,all project media at inference,0,,,,SRC_PROJECT_TIER2_CURRENT
RXN_SIG_M072,sigma_dimerization,monomer_sigma,M072,Sigma coupling of N-Ethylcarbazole radical cations,M072_QP1_M2:-2;D072_QP2_M1:+1,2 M072_QP1_M2 -> D072_QP2_M1,deltaG_sigma_T2_SMD,deltaG_sigma_kcal_mol,eV,all project media at inference,0,,,,SRC_PROJECT_TIER2_CURRENT
RXN_SIG_M073,sigma_dimerization,monomer_sigma,M073,Sigma coupling of N-Hexylcarbazole radical cations,M073_QP1_M2:-2;D073_QP2_M1:+1,2 M073_QP1_M2 -> D073_QP2_M1,deltaG_sigma_T2_SMD,deltaG_sigma_kcal_mol,eV,all project media at inference,0,,,,SRC_PROJECT_TIER2_CURRENT
RXN_SIG_M074,sigma_dimerization,monomer_sigma,M074,Sigma coupling of N-Octylcarbazole radical cations,M074_QP1_M2:-2;D074_QP2_M1:+1,2 M074_QP1_M2 -> D074_QP2_M1,deltaG_sigma_T2_SMD,deltaG_sigma_kcal_mol,eV,all project media at inference,0,,,,SRC_PROJECT_TIER2_CURRENT
RXN_SIG_M075,sigma_dimerization,monomer_sigma,M075,Sigma coupling of N-Vinylcarbazole radical cations,M075_QP1_M2:-2;D075_QP2_M1:+1,2 M075_QP1_M2 -> D075_QP2_M1,deltaG_sigma_T2_SMD,deltaG_sigma_kcal_mol,eV,all project media at inference,0,,,,SRC_PROJECT_TIER2_CURRENT
RXN_SIG_M076,sigma_dimerization,monomer_sigma,M076,"Sigma coupling of 3,6-Bis(thiophen-2-yl)-9-methylcarbazole radical cations",M076_QP1_M2:-2;D076_QP2_M1:+1,2 M076_QP1_M2 -> D076_QP2_M1,deltaG_sigma_T2_SMD,deltaG_sigma_kcal_mol,eV,all project media at inference,0,,,,SRC_PROJECT_TIER2_CURRENT
RXN_SIG_M077,sigma_dimerization,monomer_sigma,M077,"Sigma coupling of 3,6-Bis(EDOT-2-yl)-9-methylcarbazole radical cations",M077_QP1_M2:-2;D077_QP2_M1:+1,2 M077_QP1_M2 -> D077_QP2_M1,deltaG_sigma_T2_SMD,deltaG_sigma_kcal_mol,eV,all project media at inference,1,train,,S025;S002;S006;S018,SRC_PROJECT_TIER2_CURRENT
RXN_SIG_M078,sigma_dimerization,monomer_sigma,M078,"Sigma coupling of 9,9-Dimethylfluorene radical cations",M078_QP1_M2:-2;D078_QP2_M1:+1,2 M078_QP1_M2 -> D078_QP2_M1,deltaG_sigma_T2_SMD,deltaG_sigma_kcal_mol,eV,all project media at inference,1,val,,S023;S020;S013;S003,SRC_PROJECT_TIER2_CURRENT
RXN_SIG_M079,sigma_dimerization,monomer_sigma,M079,"Sigma coupling of 9,9-Diethylfluorene radical cations",M079_QP1_M2:-2;D079_QP2_M1:+1,2 M079_QP1_M2 -> D079_QP2_M1,deltaG_sigma_T2_SMD,deltaG_sigma_kcal_mol,eV,all project media at inference,0,,,,SRC_PROJECT_TIER2_CURRENT
RXN_SIG_M080,sigma_dimerization,monomer_sigma,M080,"Sigma coupling of 9,9-Dipropylfluorene radical cations",M080_QP1_M2:-2;D080_QP2_M1:+1,2 M080_QP1_M2 -> D080_QP2_M1,deltaG_sigma_T2_SMD,deltaG_sigma_kcal_mol,eV,all project media at inference,0,,,,SRC_PROJECT_TIER2_CURRENT
RXN_SIG_M081,sigma_dimerization,monomer_sigma,M081,"Sigma coupling of 9,9-Dibutylfluorene radical cations",M081_QP1_M2:-2;D081_QP2_M1:+1,2 M081_QP1_M2 -> D081_QP2_M1,deltaG_sigma_T2_SMD,deltaG_sigma_kcal_mol,eV,all project media at inference,0,,,,SRC_PROJECT_TIER2_CURRENT
RXN_SIG_M082,sigma_dimerization,monomer_sigma,M082,"Sigma coupling of 9,9-Dihexylfluorene radical cations",M082_QP1_M2:-2;D082_QP2_M1:+1,2 M082_QP1_M2 -> D082_QP2_M1,deltaG_sigma_T2_SMD,deltaG_sigma_kcal_mol,eV,all project media at inference,0,,,,SRC_PROJECT_TIER2_CURRENT
RXN_SIG_M083,sigma_dimerization,monomer_sigma,M083,"Sigma coupling of 9,9-Dioctylfluorene radical cations",M083_QP1_M2:-2;D083_QP2_M1:+1,2 M083_QP1_M2 -> D083_QP2_M1,deltaG_sigma_T2_SMD,deltaG_sigma_kcal_mol,eV,all project media at inference,0,,,,SRC_PROJECT_TIER2_CURRENT
RXN_SIG_M084,sigma_dimerization,monomer_sigma,M084,"Sigma coupling of 4,7-Bis(thiophen-2-yl)-2,1,3-benzothiadiazole (TBT) radical cations",M084_QP1_M2:-2;D084_QP2_M1:+1,2 M084_QP1_M2 -> D084_QP2_M1,deltaG_sigma_T2_SMD,deltaG_sigma_kcal_mol,eV,all project media at inference,1,test,,S004;S011;S016;S024,SRC_PROJECT_TIER2_CURRENT
RXN_SIG_M085,sigma_dimerization,monomer_sigma,M085,"Sigma coupling of 4,7-Bis(3-hexylthiophen-2-yl)-2,1,3-benzothiadiazole radical cations",M085_QP1_M2:-2;D085_QP2_M1:+1,2 M085_QP1_M2 -> D085_QP2_M1,deltaG_sigma_T2_SMD,deltaG_sigma_kcal_mol,eV,all project media at inference,0,,,,SRC_PROJECT_TIER2_CURRENT
RXN_SIG_M086,sigma_dimerization,monomer_sigma,M086,"Sigma coupling of Thieno[3,4-b]pyrazine radical cations",M086_QP1_M2:-2;D086_QP2_M1:+1,2 M086_QP1_M2 -> D086_QP2_M1,deltaG_sigma_T2_SMD,deltaG_sigma_kcal_mol,eV,all project media at inference,1,train,,S014;S005;S012;S018,SRC_PROJECT_TIER2_CURRENT
RXN_SIG_M087,sigma_dimerization,monomer_sigma,M087,"Sigma coupling of 2,3-Dimethylthieno[3,4-b]pyrazine radical cations",M087_QP1_M2:-2;D087_QP2_M1:+1,2 M087_QP1_M2 -> D087_QP2_M1,deltaG_sigma_T2_SMD,deltaG_sigma_kcal_mol,eV,all project media at inference,0,,,,SRC_PROJECT_TIER2_CURRENT
RXN_SIG_M088,sigma_dimerization,monomer_sigma,M088,"Sigma coupling of 2,3-Dihexylthieno[3,4-b]pyrazine radical cations",M088_QP1_M2:-2;D088_QP2_M1:+1,2 M088_QP1_M2 -> D088_QP2_M1,deltaG_sigma_T2_SMD,deltaG_sigma_kcal_mol,eV,all project media at inference,0,,,,SRC_PROJECT_TIER2_CURRENT
RXN_SIG_M089,sigma_dimerization,monomer_sigma,M089,"Sigma coupling of 3,6-Bis(thiophen-2-yl)-2,5-dimethyl-DPP (TDPP-Me) radical cations",M089_QP1_M2:-2;D089_QP2_M1:+1,2 M089_QP1_M2 -> D089_QP2_M1,deltaG_sigma_T2_SMD,deltaG_sigma_kcal_mol,eV,all project media at inference,1,train,,S008;S002;S006;S015,SRC_PROJECT_TIER2_CURRENT
RXN_SIG_M090,sigma_dimerization,monomer_sigma,M090,"Sigma coupling of 3,6-Bis(thiophen-2-yl)-2,5-dioctyl-DPP (TDPP-Oct) radical cations",M090_QP1_M2:-2;D090_QP2_M1:+1,2 M090_QP1_M2 -> D090_QP2_M1,deltaG_sigma_T2_SMD,deltaG_sigma_kcal_mol,eV,all project media at inference,0,,,,SRC_PROJECT_TIER2_CURRENT
RXN_SIG_M091,sigma_dimerization,monomer_sigma,M091,"Sigma coupling of N,N′-Dimethylisoindigo radical cations",M091_QP1_M2:-2;D091_QP2_M1:+1,2 M091_QP1_M2 -> D091_QP2_M1,deltaG_sigma_T2_SMD,deltaG_sigma_kcal_mol,eV,all project media at inference,0,,,,SRC_PROJECT_TIER2_CURRENT
RXN_SIG_M092,sigma_dimerization,monomer_sigma,M092,"Sigma coupling of N,N′-Dioctylisoindigo radical cations",M092_QP1_M2:-2;D092_QP2_M1:+1,2 M092_QP1_M2 -> D092_QP2_M1,deltaG_sigma_T2_SMD,deltaG_sigma_kcal_mol,eV,all project media at inference,0,,,,SRC_PROJECT_TIER2_CURRENT
RXN_SIG_M093,sigma_dimerization,monomer_sigma,M093,"Sigma coupling of 4,9-bis(thiophen-2-yl)-[1,2,5]thiadiazolo[3,4-g]quinoxaline (TTDQ) radical cations",M093_QP1_M2:-2;D093_QP2_M1:+1,2 M093_QP1_M2 -> D093_QP2_M1,deltaG_sigma_T2_SMD,deltaG_sigma_kcal_mol,eV,all project media at inference,0,,,,SRC_PROJECT_TIER2_CURRENT
RXN_SIG_M094,sigma_dimerization,monomer_sigma,M094,"Sigma coupling of Cyclopenta[2,1-b:3,4-b′]dithiophene (CPDT) radical cations",M094_QP1_M2:-2;D094_QP2_M1:+1,2 M094_QP1_M2 -> D094_QP2_M1,deltaG_sigma_T2_SMD,deltaG_sigma_kcal_mol,eV,all project media at inference,1,train,,S025;S020;S013;S003,SRC_PROJECT_TIER2_CURRENT
RXN_SIG_M095,sigma_dimerization,monomer_sigma,M095,"Sigma coupling of 4,4-Dimethyl-CPDT radical cations",M095_QP1_M2:-2;D095_QP2_M1:+1,2 M095_QP1_M2 -> D095_QP2_M1,deltaG_sigma_T2_SMD,deltaG_sigma_kcal_mol,eV,all project media at inference,0,,,,SRC_PROJECT_TIER2_CURRENT
RXN_SIG_M096,sigma_dimerization,monomer_sigma,M096,"Sigma coupling of 4,4-Dihexyl-CPDT radical cations",M096_QP1_M2:-2;D096_QP2_M1:+1,2 M096_QP1_M2 -> D096_QP2_M1,deltaG_sigma_T2_SMD,deltaG_sigma_kcal_mol,eV,all project media at inference,1,val,,S001;S007;S022;S017,SRC_PROJECT_TIER2_CURRENT
RXN_SIG_M097,sigma_dimerization,monomer_sigma,M097,"Sigma coupling of Dithieno[3,2-b:2′,3′-d]pyrrole (DTP) radical cations",M097_QP1_M2:-2;D097_QP2_M1:+1,2 M097_QP1_M2 -> D097_QP2_M1,deltaG_sigma_T2_SMD,deltaG_sigma_kcal_mol,eV,all project media at inference,0,,,,SRC_PROJECT_TIER2_CURRENT
RXN_SIG_M098,sigma_dimerization,monomer_sigma,M098,"Sigma coupling of N-Octyl-dithieno[3,2-b:2′,3′-d]pyrrole radical cations",M098_QP1_M2:-2;D098_QP2_M1:+1,2 M098_QP1_M2 -> D098_QP2_M1,deltaG_sigma_T2_SMD,deltaG_sigma_kcal_mol,eV,all project media at inference,0,,,,SRC_PROJECT_TIER2_CURRENT
RXN_SIG_M099,sigma_dimerization,monomer_sigma,M099,"Sigma coupling of Indaceno[1,2-b:5,6-b′]dithiophene (IDT) radical cations",M099_QP1_M2:-2;D099_QP2_M1:+1,2 M099_QP1_M2 -> D099_QP2_M1,deltaG_sigma_T2_SMD,deltaG_sigma_kcal_mol,eV,all project media at inference,0,,,,SRC_PROJECT_TIER2_CURRENT
RXN_SIG_M100,sigma_dimerization,monomer_sigma,M100,"Sigma coupling of Acenaphtho[1,2-c]pyrrole radical cations",M100_QP1_M2:-2;D100_QP2_M1:+1,2 M100_QP1_M2 -> D100_QP2_M1,deltaG_sigma_T2_SMD,deltaG_sigma_kcal_mol,eV,all project media at inference,0,,,,SRC_PROJECT_TIER2_CURRENT
