job_id,state_id,solvent_id,reaction_ids,purposes,entity_type,species_name,family,formal_charge,multiplicity,split,use_for_training,start_geometry_source,start_geometry_key,start_geometry_hash,smd_parameter_temperature_K,thermochemistry_temperature_K,functional,optfreq_basis,final_sp_basis,ri_acceleration,scf_grid_geometry,thermochemistry,smd_vector_source,smd_parameter_status,nprocs,maxcore_mb_per_rank,planning_core_h,workflow_revision,method_id,output_fields,job_status,method_source_id
OF001,A005_Q0_M2,S001,RXN_AOX_A005,complete anion oxidation tuple,electrolyte_anion,Bis(trifluoromethanesulfonyl)imide (TFSI−),Lithium; Tetraalkylammonium,0,2,train,1,solvent-specific Tier-1 GFN2/ddCOSMO optimized state geometry,tier1:redox:A005:S001:q0:m2,,298.15,298.15,wB97X-D3,def2-TZVP,def2-TZVPD,RIJCOSX + def2/J,TightSCF; DEFGRID3; Opt Freq; tight geometry; MaxIter 200,298.15 K; 1 atm frequency; Quasi-RRHO; project 1 M composite Gibbs convention,solvent_smd_registry.csv,resolved_authoritative,8,3000,24.82,jhtvs-ft0806-optfreq-v3,T2_wB97X-D3_OptFreq_TZVPD-SP_SMD_v4,E_freq_Eh;G_minus_E_freq_Eh;E_final_SP_Eh;G_composite_1M_Eh;frequencies;optimized_geometry;QC_flags;echoed_smd_vector,planned,SRC_PROJECT_TIER2_CURRENT;SRC_ORCA61_SMD;SRC_HANDOFF_SPEC
OF002,A005_QM1_M1,S001,RXN_AOX_A005,complete anion oxidation tuple,electrolyte_anion,Bis(trifluoromethanesulfonyl)imide (TFSI−),Lithium; Tetraalkylammonium,-1,1,train,1,solvent-specific Tier-1 GFN2/ddCOSMO optimized state geometry,tier1:redox:A005:S001:q-1:m1,,298.15,298.15,wB97X-D3,ma-def2-TZVP,def2-TZVPD,RIJCOSX + def2/J,TightSCF; DEFGRID3; Opt Freq; tight geometry; MaxIter 200,298.15 K; 1 atm frequency; Quasi-RRHO; project 1 M composite Gibbs convention,solvent_smd_registry.csv,resolved_authoritative,8,3000,24.82,jhtvs-ft0806-optfreq-v3,T2_wB97X-D3_OptFreq_TZVPD-SP_SMD_v4,E_freq_Eh;G_minus_E_freq_Eh;E_final_SP_Eh;G_composite_1M_Eh;frequencies;optimized_geometry;QC_flags;echoed_smd_vector,planned,SRC_PROJECT_TIER2_CURRENT;SRC_ORCA61_SMD;SRC_HANDOFF_SPEC
OF003,D001_QP2_M1,S001,RXN_SIG_M001,complete sigma tuple; radical-cation state reused,sigma_complex_dication,Thiophene sigma-complex dication,Thiophenes,2,1,train,1,deterministic sigma construction then solvent-specific GFN2/ddCOSMO preoptimization with connectivity QC,surrogate:sigma_preopt:D001:S001:q2:m1,,298.15,298.15,wB97X-D3,def2-TZVP,def2-TZVPD,RIJCOSX + def2/J,TightSCF; DEFGRID3; Opt Freq; tight geometry; MaxIter 200,298.15 K; 1 atm frequency; Quasi-RRHO; project 1 M composite Gibbs convention,solvent_smd_registry.csv,resolved_authoritative,8,3000,40.0,jhtvs-ft0806-optfreq-v3,T2_wB97X-D3_OptFreq_TZVPD-SP_SMD_v4,E_freq_Eh;G_minus_E_freq_Eh;E_final_SP_Eh;G_composite_1M_Eh;frequencies;optimized_geometry;QC_flags;echoed_smd_vector,planned,SRC_PROJECT_TIER2_CURRENT;SRC_ORCA61_SMD;SRC_HANDOFF_SPEC
OF004,M001_Q0_M1,S001,RXN_MOX_M001,complete monomer oxidation tuple,monomer,Thiophene,Thiophenes,0,1,train,1,solvent-specific Tier-1 GFN2/ddCOSMO optimized state geometry,tier1:redox:M001:S001:q0:m1,,298.15,298.15,wB97X-D3,def2-TZVP,def2-TZVPD,RIJCOSX + def2/J,TightSCF; DEFGRID3; Opt Freq; tight geometry; MaxIter 200,298.15 K; 1 atm frequency; Quasi-RRHO; project 1 M composite Gibbs convention,solvent_smd_registry.csv,resolved_authoritative,8,3000,24.82,jhtvs-ft0806-optfreq-v3,T2_wB97X-D3_OptFreq_TZVPD-SP_SMD_v4,E_freq_Eh;G_minus_E_freq_Eh;E_final_SP_Eh;G_composite_1M_Eh;frequencies;optimized_geometry;QC_flags;echoed_smd_vector,planned,SRC_PROJECT_TIER2_CURRENT;SRC_ORCA61_SMD;SRC_HANDOFF_SPEC
OF005,M001_QP1_M2,S001,RXN_MOX_M001;RXN_SIG_M001,complete monomer oxidation tuple; reused by sigma tuple,monomer,Thiophene,Thiophenes,1,2,train,1,solvent-specific Tier-1 GFN2/ddCOSMO optimized state geometry,tier1:redox:M001:S001:q1:m2,,298.15,298.15,wB97X-D3,def2-TZVP,def2-TZVPD,RIJCOSX + def2/J,TightSCF; DEFGRID3; Opt Freq; tight geometry; MaxIter 200,298.15 K; 1 atm frequency; Quasi-RRHO; project 1 M composite Gibbs convention,solvent_smd_registry.csv,resolved_authoritative,8,3000,24.82,jhtvs-ft0806-optfreq-v3,T2_wB97X-D3_OptFreq_TZVPD-SP_SMD_v4,E_freq_Eh;G_minus_E_freq_Eh;E_final_SP_Eh;G_composite_1M_Eh;frequencies;optimized_geometry;QC_flags;echoed_smd_vector,planned,SRC_PROJECT_TIER2_CURRENT;SRC_ORCA61_SMD;SRC_HANDOFF_SPEC
OF006,S001_Q0_M1,S001,RXN_SOX_S001,complete solvent self-oxidation tuple,solvent_oxidation_target,Acetonitrile (MeCN),Nitrile,0,1,train,1,self-medium Tier-1 GFN2/ddCOSMO optimized state geometry,tier1:redox:S001:S001:q0:m1,,298.15,298.15,wB97X-D3,def2-TZVP,def2-TZVPD,RIJCOSX + def2/J,TightSCF; DEFGRID3; Opt Freq; tight geometry; MaxIter 200,298.15 K; 1 atm frequency; Quasi-RRHO; project 1 M composite Gibbs convention,solvent_smd_registry.csv,resolved_authoritative,8,3000,24.82,jhtvs-ft0806-optfreq-v3,T2_wB97X-D3_OptFreq_TZVPD-SP_SMD_v4,E_freq_Eh;G_minus_E_freq_Eh;E_final_SP_Eh;G_composite_1M_Eh;frequencies;optimized_geometry;QC_flags;echoed_smd_vector,planned,SRC_PROJECT_TIER2_CURRENT;SRC_ORCA61_SMD;SRC_HANDOFF_SPEC
OF007,S001_QP1_M2,S001,RXN_SOX_S001,complete solvent self-oxidation tuple,solvent_oxidation_target,Acetonitrile (MeCN),Nitrile,1,2,train,1,self-medium Tier-1 GFN2/ddCOSMO optimized state geometry,tier1:redox:S001:S001:q1:m2,,298.15,298.15,wB97X-D3,def2-TZVP,def2-TZVPD,RIJCOSX + def2/J,TightSCF; DEFGRID3; Opt Freq; tight geometry; MaxIter 200,298.15 K; 1 atm frequency; Quasi-RRHO; project 1 M composite Gibbs convention,solvent_smd_registry.csv,resolved_authoritative,8,3000,24.82,jhtvs-ft0806-optfreq-v3,T2_wB97X-D3_OptFreq_TZVPD-SP_SMD_v4,E_freq_Eh;G_minus_E_freq_Eh;E_final_SP_Eh;G_composite_1M_Eh;frequencies;optimized_geometry;QC_flags;echoed_smd_vector,planned,SRC_PROJECT_TIER2_CURRENT;SRC_ORCA61_SMD;SRC_HANDOFF_SPEC
OF008,A004_Q0_M2,S002,RXN_AOX_A004,complete anion oxidation tuple,electrolyte_anion,Trifluoromethanesulfonate (OTf−),Tetraalkylammonium,0,2,test,0,solvent-specific Tier-1 GFN2/ddCOSMO optimized state geometry,tier1:redox:A004:S002:q0:m2,,298.15,298.15,wB97X-D3,def2-TZVP,def2-TZVPD,RIJCOSX + def2/J,TightSCF; DEFGRID3; Opt Freq; tight geometry; MaxIter 200,298.15 K; 1 atm frequency; Quasi-RRHO; project 1 M composite Gibbs convention,solvent_smd_registry.csv,resolved_authoritative,8,3000,24.82,jhtvs-ft0806-optfreq-v3,T2_wB97X-D3_OptFreq_TZVPD-SP_SMD_v4,E_freq_Eh;G_minus_E_freq_Eh;E_final_SP_Eh;G_composite_1M_Eh;frequencies;optimized_geometry;QC_flags;echoed_smd_vector,planned,SRC_PROJECT_TIER2_CURRENT;SRC_ORCA61_SMD;SRC_HANDOFF_SPEC
OF009,A004_QM1_M1,S002,RXN_AOX_A004,complete anion oxidation tuple,electrolyte_anion,Trifluoromethanesulfonate (OTf−),Tetraalkylammonium,-1,1,test,0,solvent-specific Tier-1 GFN2/ddCOSMO optimized state geometry,tier1:redox:A004:S002:q-1:m1,,298.15,298.15,wB97X-D3,ma-def2-TZVP,def2-TZVPD,RIJCOSX + def2/J,TightSCF; DEFGRID3; Opt Freq; tight geometry; MaxIter 200,298.15 K; 1 atm frequency; Quasi-RRHO; project 1 M composite Gibbs convention,solvent_smd_registry.csv,resolved_authoritative,8,3000,24.82,jhtvs-ft0806-optfreq-v3,T2_wB97X-D3_OptFreq_TZVPD-SP_SMD_v4,E_freq_Eh;G_minus_E_freq_Eh;E_final_SP_Eh;G_composite_1M_Eh;frequencies;optimized_geometry;QC_flags;echoed_smd_vector,planned,SRC_PROJECT_TIER2_CURRENT;SRC_ORCA61_SMD;SRC_HANDOFF_SPEC
OF010,D077_QP2_M1,S002,RXN_SIG_M077,complete sigma tuple; radical-cation state reused,sigma_complex_dication,"3,6-Bis(EDOT-2-yl)-9-methylcarbazole sigma-complex dication",Carbazoles,2,1,train,1,deterministic sigma construction then solvent-specific GFN2/ddCOSMO preoptimization with connectivity QC,surrogate:sigma_preopt:D077:S002:q2:m1,,298.15,298.15,wB97X-D3,def2-TZVP,def2-TZVPD,RIJCOSX + def2/J,TightSCF; DEFGRID3; Opt Freq; tight geometry; MaxIter 200,298.15 K; 1 atm frequency; Quasi-RRHO; project 1 M composite Gibbs convention,solvent_smd_registry.csv,resolved_authoritative,8,3000,40.0,jhtvs-ft0806-optfreq-v3,T2_wB97X-D3_OptFreq_TZVPD-SP_SMD_v4,E_freq_Eh;G_minus_E_freq_Eh;E_final_SP_Eh;G_composite_1M_Eh;frequencies;optimized_geometry;QC_flags;echoed_smd_vector,planned,SRC_PROJECT_TIER2_CURRENT;SRC_ORCA61_SMD;SRC_HANDOFF_SPEC
OF011,D089_QP2_M1,S002,RXN_SIG_M089,complete sigma tuple; radical-cation state reused,sigma_complex_dication,"3,6-Bis(thiophen-2-yl)-2,5-dimethyl-DPP (TDPP-Me) sigma-complex dication",Donor–Acceptor units,2,1,train,1,deterministic sigma construction then solvent-specific GFN2/ddCOSMO preoptimization with connectivity QC,surrogate:sigma_preopt:D089:S002:q2:m1,,298.15,298.15,wB97X-D3,def2-TZVP,def2-TZVPD,RIJCOSX + def2/J,TightSCF; DEFGRID3; Opt Freq; tight geometry; MaxIter 200,298.15 K; 1 atm frequency; Quasi-RRHO; project 1 M composite Gibbs convention,solvent_smd_registry.csv,resolved_authoritative,8,3000,40.0,jhtvs-ft0806-optfreq-v3,T2_wB97X-D3_OptFreq_TZVPD-SP_SMD_v4,E_freq_Eh;G_minus_E_freq_Eh;E_final_SP_Eh;G_composite_1M_Eh;frequencies;optimized_geometry;QC_flags;echoed_smd_vector,planned,SRC_PROJECT_TIER2_CURRENT;SRC_ORCA61_SMD;SRC_HANDOFF_SPEC
OF012,M077_Q0_M1,S002,RXN_MOX_M077,complete monomer oxidation tuple,monomer,"3,6-Bis(EDOT-2-yl)-9-methylcarbazole",Carbazoles,0,1,train,1,solvent-specific Tier-1 GFN2/ddCOSMO optimized state geometry,tier1:redox:M077:S002:q0:m1,,298.15,298.15,wB97X-D3,def2-TZVP,def2-TZVPD,RIJCOSX + def2/J,TightSCF; DEFGRID3; Opt Freq; tight geometry; MaxIter 200,298.15 K; 1 atm frequency; Quasi-RRHO; project 1 M composite Gibbs convention,solvent_smd_registry.csv,resolved_authoritative,8,3000,24.82,jhtvs-ft0806-optfreq-v3,T2_wB97X-D3_OptFreq_TZVPD-SP_SMD_v4,E_freq_Eh;G_minus_E_freq_Eh;E_final_SP_Eh;G_composite_1M_Eh;frequencies;optimized_geometry;QC_flags;echoed_smd_vector,planned,SRC_PROJECT_TIER2_CURRENT;SRC_ORCA61_SMD;SRC_HANDOFF_SPEC
OF013,M077_QP1_M2,S002,RXN_MOX_M077;RXN_SIG_M077,complete monomer oxidation tuple; reused by sigma tuple,monomer,"3,6-Bis(EDOT-2-yl)-9-methylcarbazole",Carbazoles,1,2,train,1,solvent-specific Tier-1 GFN2/ddCOSMO optimized state geometry,tier1:redox:M077:S002:q1:m2,,298.15,298.15,wB97X-D3,def2-TZVP,def2-TZVPD,RIJCOSX + def2/J,TightSCF; DEFGRID3; Opt Freq; tight geometry; MaxIter 200,298.15 K; 1 atm frequency; Quasi-RRHO; project 1 M composite Gibbs convention,solvent_smd_registry.csv,resolved_authoritative,8,3000,24.82,jhtvs-ft0806-optfreq-v3,T2_wB97X-D3_OptFreq_TZVPD-SP_SMD_v4,E_freq_Eh;G_minus_E_freq_Eh;E_final_SP_Eh;G_composite_1M_Eh;frequencies;optimized_geometry;QC_flags;echoed_smd_vector,planned,SRC_PROJECT_TIER2_CURRENT;SRC_ORCA61_SMD;SRC_HANDOFF_SPEC
OF014,M089_Q0_M1,S002,RXN_MOX_M089,complete monomer oxidation tuple,monomer,"3,6-Bis(thiophen-2-yl)-2,5-dimethyl-DPP (TDPP-Me)",Donor–Acceptor units,0,1,train,1,solvent-specific Tier-1 GFN2/ddCOSMO optimized state geometry,tier1:redox:M089:S002:q0:m1,,298.15,298.15,wB97X-D3,def2-TZVP,def2-TZVPD,RIJCOSX + def2/J,TightSCF; DEFGRID3; Opt Freq; tight geometry; MaxIter 200,298.15 K; 1 atm frequency; Quasi-RRHO; project 1 M composite Gibbs convention,solvent_smd_registry.csv,resolved_authoritative,8,3000,24.82,jhtvs-ft0806-optfreq-v3,T2_wB97X-D3_OptFreq_TZVPD-SP_SMD_v4,E_freq_Eh;G_minus_E_freq_Eh;E_final_SP_Eh;G_composite_1M_Eh;frequencies;optimized_geometry;QC_flags;echoed_smd_vector,planned,SRC_PROJECT_TIER2_CURRENT;SRC_ORCA61_SMD;SRC_HANDOFF_SPEC
OF015,M089_QP1_M2,S002,RXN_MOX_M089;RXN_SIG_M089,complete monomer oxidation tuple; reused by sigma tuple,monomer,"3,6-Bis(thiophen-2-yl)-2,5-dimethyl-DPP (TDPP-Me)",Donor–Acceptor units,1,2,train,1,solvent-specific Tier-1 GFN2/ddCOSMO optimized state geometry,tier1:redox:M089:S002:q1:m2,,298.15,298.15,wB97X-D3,def2-TZVP,def2-TZVPD,RIJCOSX + def2/J,TightSCF; DEFGRID3; Opt Freq; tight geometry; MaxIter 200,298.15 K; 1 atm frequency; Quasi-RRHO; project 1 M composite Gibbs convention,solvent_smd_registry.csv,resolved_authoritative,8,3000,24.82,jhtvs-ft0806-optfreq-v3,T2_wB97X-D3_OptFreq_TZVPD-SP_SMD_v4,E_freq_Eh;G_minus_E_freq_Eh;E_final_SP_Eh;G_composite_1M_Eh;frequencies;optimized_geometry;QC_flags;echoed_smd_vector,planned,SRC_PROJECT_TIER2_CURRENT;SRC_ORCA61_SMD;SRC_HANDOFF_SPEC
OF016,S002_Q0_M1,S002,RXN_SOX_S002,complete solvent self-oxidation tuple,solvent_oxidation_target,Dichloromethane (DCM),Halogenated solvent,0,1,test,0,self-medium Tier-1 GFN2/ddCOSMO optimized state geometry,tier1:redox:S002:S002:q0:m1,,298.15,298.15,wB97X-D3,def2-TZVP,def2-TZVPD,RIJCOSX + def2/J,TightSCF; DEFGRID3; Opt Freq; tight geometry; MaxIter 200,298.15 K; 1 atm frequency; Quasi-RRHO; project 1 M composite Gibbs convention,solvent_smd_registry.csv,resolved_authoritative,8,3000,24.82,jhtvs-ft0806-optfreq-v3,T2_wB97X-D3_OptFreq_TZVPD-SP_SMD_v4,E_freq_Eh;G_minus_E_freq_Eh;E_final_SP_Eh;G_composite_1M_Eh;frequencies;optimized_geometry;QC_flags;echoed_smd_vector,planned,SRC_PROJECT_TIER2_CURRENT;SRC_ORCA61_SMD;SRC_HANDOFF_SPEC
OF017,S002_QP1_M2,S002,RXN_SOX_S002,complete solvent self-oxidation tuple,solvent_oxidation_target,Dichloromethane (DCM),Halogenated solvent,1,2,test,0,self-medium Tier-1 GFN2/ddCOSMO optimized state geometry,tier1:redox:S002:S002:q1:m2,,298.15,298.15,wB97X-D3,def2-TZVP,def2-TZVPD,RIJCOSX + def2/J,TightSCF; DEFGRID3; Opt Freq; tight geometry; MaxIter 200,298.15 K; 1 atm frequency; Quasi-RRHO; project 1 M composite Gibbs convention,solvent_smd_registry.csv,resolved_authoritative,8,3000,24.82,jhtvs-ft0806-optfreq-v3,T2_wB97X-D3_OptFreq_TZVPD-SP_SMD_v4,E_freq_Eh;G_minus_E_freq_Eh;E_final_SP_Eh;G_composite_1M_Eh;frequencies;optimized_geometry;QC_flags;echoed_smd_vector,planned,SRC_PROJECT_TIER2_CURRENT;SRC_ORCA61_SMD;SRC_HANDOFF_SPEC
OF018,D022_QP2_M1,S003,RXN_SIG_M022,complete sigma tuple; radical-cation state reused,sigma_complex_dication,"3,4-Ethylenedioxythiophene (EDOT) sigma-complex dication",Thiophenes,2,1,train,1,deterministic sigma construction then solvent-specific GFN2/ddCOSMO preoptimization with connectivity QC,surrogate:sigma_preopt:D022:S003:q2:m1,,298.15,298.15,wB97X-D3,def2-TZVP,def2-TZVPD,RIJCOSX + def2/J,TightSCF; DEFGRID3; Opt Freq; tight geometry; MaxIter 200,298.15 K; 1 atm frequency; Quasi-RRHO; project 1 M composite Gibbs convention,solvent_smd_registry.csv,resolved_authoritative,8,3000,40.0,jhtvs-ft0806-optfreq-v3,T2_wB97X-D3_OptFreq_TZVPD-SP_SMD_v4,E_freq_Eh;G_minus_E_freq_Eh;E_final_SP_Eh;G_composite_1M_Eh;frequencies;optimized_geometry;QC_flags;echoed_smd_vector,planned,SRC_PROJECT_TIER2_CURRENT;SRC_ORCA61_SMD;SRC_HANDOFF_SPEC
OF019,D068_QP2_M1,S003,RXN_SIG_M068,complete sigma tuple; radical-cation state reused,sigma_complex_dication,"2,6-Dimethylaniline sigma-complex dication",Anilines,2,1,train,1,deterministic sigma construction then solvent-specific GFN2/ddCOSMO preoptimization with connectivity QC,surrogate:sigma_preopt:D068:S003:q2:m1,,298.15,298.15,wB97X-D3,def2-TZVP,def2-TZVPD,RIJCOSX + def2/J,TightSCF; DEFGRID3; Opt Freq; tight geometry; MaxIter 200,298.15 K; 1 atm frequency; Quasi-RRHO; project 1 M composite Gibbs convention,solvent_smd_registry.csv,resolved_authoritative,8,3000,40.0,jhtvs-ft0806-optfreq-v3,T2_wB97X-D3_OptFreq_TZVPD-SP_SMD_v4,E_freq_Eh;G_minus_E_freq_Eh;E_final_SP_Eh;G_composite_1M_Eh;frequencies;optimized_geometry;QC_flags;echoed_smd_vector,planned,SRC_PROJECT_TIER2_CURRENT;SRC_ORCA61_SMD;SRC_HANDOFF_SPEC
OF020,M022_Q0_M1,S003,RXN_MOX_M022,complete monomer oxidation tuple,monomer,"3,4-Ethylenedioxythiophene (EDOT)",Thiophenes,0,1,train,1,solvent-specific Tier-1 GFN2/ddCOSMO optimized state geometry,tier1:redox:M022:S003:q0:m1,,298.15,298.15,wB97X-D3,def2-TZVP,def2-TZVPD,RIJCOSX + def2/J,TightSCF; DEFGRID3; Opt Freq; tight geometry; MaxIter 200,298.15 K; 1 atm frequency; Quasi-RRHO; project 1 M composite Gibbs convention,solvent_smd_registry.csv,resolved_authoritative,8,3000,24.82,jhtvs-ft0806-optfreq-v3,T2_wB97X-D3_OptFreq_TZVPD-SP_SMD_v4,E_freq_Eh;G_minus_E_freq_Eh;E_final_SP_Eh;G_composite_1M_Eh;frequencies;optimized_geometry;QC_flags;echoed_smd_vector,planned,SRC_PROJECT_TIER2_CURRENT;SRC_ORCA61_SMD;SRC_HANDOFF_SPEC
OF021,M022_QP1_M2,S003,RXN_MOX_M022;RXN_SIG_M022,complete monomer oxidation tuple; reused by sigma tuple,monomer,"3,4-Ethylenedioxythiophene (EDOT)",Thiophenes,1,2,train,1,solvent-specific Tier-1 GFN2/ddCOSMO optimized state geometry,tier1:redox:M022:S003:q1:m2,,298.15,298.15,wB97X-D3,def2-TZVP,def2-TZVPD,RIJCOSX + def2/J,TightSCF; DEFGRID3; Opt Freq; tight geometry; MaxIter 200,298.15 K; 1 atm frequency; Quasi-RRHO; project 1 M composite Gibbs convention,solvent_smd_registry.csv,resolved_authoritative,8,3000,24.82,jhtvs-ft0806-optfreq-v3,T2_wB97X-D3_OptFreq_TZVPD-SP_SMD_v4,E_freq_Eh;G_minus_E_freq_Eh;E_final_SP_Eh;G_composite_1M_Eh;frequencies;optimized_geometry;QC_flags;echoed_smd_vector,planned,SRC_PROJECT_TIER2_CURRENT;SRC_ORCA61_SMD;SRC_HANDOFF_SPEC
OF022,M068_Q0_M1,S003,RXN_MOX_M068,complete monomer oxidation tuple,monomer,"2,6-Dimethylaniline",Anilines,0,1,train,1,solvent-specific Tier-1 GFN2/ddCOSMO optimized state geometry,tier1:redox:M068:S003:q0:m1,,298.15,298.15,wB97X-D3,def2-TZVP,def2-TZVPD,RIJCOSX + def2/J,TightSCF; DEFGRID3; Opt Freq; tight geometry; MaxIter 200,298.15 K; 1 atm frequency; Quasi-RRHO; project 1 M composite Gibbs convention,solvent_smd_registry.csv,resolved_authoritative,8,3000,24.82,jhtvs-ft0806-optfreq-v3,T2_wB97X-D3_OptFreq_TZVPD-SP_SMD_v4,E_freq_Eh;G_minus_E_freq_Eh;E_final_SP_Eh;G_composite_1M_Eh;frequencies;optimized_geometry;QC_flags;echoed_smd_vector,planned,SRC_PROJECT_TIER2_CURRENT;SRC_ORCA61_SMD;SRC_HANDOFF_SPEC
OF023,M068_QP1_M2,S003,RXN_MOX_M068;RXN_SIG_M068,complete monomer oxidation tuple; reused by sigma tuple,monomer,"2,6-Dimethylaniline",Anilines,1,2,train,1,solvent-specific Tier-1 GFN2/ddCOSMO optimized state geometry,tier1:redox:M068:S003:q1:m2,,298.15,298.15,wB97X-D3,def2-TZVP,def2-TZVPD,RIJCOSX + def2/J,TightSCF; DEFGRID3; Opt Freq; tight geometry; MaxIter 200,298.15 K; 1 atm frequency; Quasi-RRHO; project 1 M composite Gibbs convention,solvent_smd_registry.csv,resolved_authoritative,8,3000,24.82,jhtvs-ft0806-optfreq-v3,T2_wB97X-D3_OptFreq_TZVPD-SP_SMD_v4,E_freq_Eh;G_minus_E_freq_Eh;E_final_SP_Eh;G_composite_1M_Eh;frequencies;optimized_geometry;QC_flags;echoed_smd_vector,planned,SRC_PROJECT_TIER2_CURRENT;SRC_ORCA61_SMD;SRC_HANDOFF_SPEC
OF024,S003_Q0_M1,S003,RXN_SOX_S003,complete solvent self-oxidation tuple,solvent_oxidation_target,Propylene carbonate (PC),Cyclic carbonate,0,1,val,0,self-medium Tier-1 GFN2/ddCOSMO optimized state geometry,tier1:redox:S003:S003:q0:m1,,298.15,298.15,wB97X-D3,def2-TZVP,def2-TZVPD,RIJCOSX + def2/J,TightSCF; DEFGRID3; Opt Freq; tight geometry; MaxIter 200,298.15 K; 1 atm frequency; Quasi-RRHO; project 1 M composite Gibbs convention,solvent_smd_registry.csv,resolved_authoritative,8,3000,24.82,jhtvs-ft0806-optfreq-v3,T2_wB97X-D3_OptFreq_TZVPD-SP_SMD_v4,E_freq_Eh;G_minus_E_freq_Eh;E_final_SP_Eh;G_composite_1M_Eh;frequencies;optimized_geometry;QC_flags;echoed_smd_vector,planned,SRC_PROJECT_TIER2_CURRENT;SRC_ORCA61_SMD;SRC_HANDOFF_SPEC
OF025,S003_QP1_M2,S003,RXN_SOX_S003,complete solvent self-oxidation tuple,solvent_oxidation_target,Propylene carbonate (PC),Cyclic carbonate,1,2,val,0,self-medium Tier-1 GFN2/ddCOSMO optimized state geometry,tier1:redox:S003:S003:q1:m2,,298.15,298.15,wB97X-D3,def2-TZVP,def2-TZVPD,RIJCOSX + def2/J,TightSCF; DEFGRID3; Opt Freq; tight geometry; MaxIter 200,298.15 K; 1 atm frequency; Quasi-RRHO; project 1 M composite Gibbs convention,solvent_smd_registry.csv,resolved_authoritative,8,3000,24.82,jhtvs-ft0806-optfreq-v3,T2_wB97X-D3_OptFreq_TZVPD-SP_SMD_v4,E_freq_Eh;G_minus_E_freq_Eh;E_final_SP_Eh;G_composite_1M_Eh;frequencies;optimized_geometry;QC_flags;echoed_smd_vector,planned,SRC_PROJECT_TIER2_CURRENT;SRC_ORCA61_SMD;SRC_HANDOFF_SPEC
OF026,D007_QP2_M1,S004,RXN_SIG_M007,complete sigma tuple; radical-cation state reused,sigma_complex_dication,3-Octylthiophene sigma-complex dication,Thiophenes,2,1,test,0,deterministic sigma construction then solvent-specific GFN2/ddCOSMO preoptimization with connectivity QC,surrogate:sigma_preopt:D007:S004:q2:m1,,298.15,298.15,wB97X-D3,def2-TZVP,def2-TZVPD,RIJCOSX + def2/J,TightSCF; DEFGRID3; Opt Freq; tight geometry; MaxIter 200,298.15 K; 1 atm frequency; Quasi-RRHO; project 1 M composite Gibbs convention,solvent_smd_registry.csv,resolved_authoritative,8,3000,40.0,jhtvs-ft0806-optfreq-v3,T2_wB97X-D3_OptFreq_TZVPD-SP_SMD_v4,E_freq_Eh;G_minus_E_freq_Eh;E_final_SP_Eh;G_composite_1M_Eh;frequencies;optimized_geometry;QC_flags;echoed_smd_vector,planned,SRC_PROJECT_TIER2_CURRENT;SRC_ORCA61_SMD;SRC_HANDOFF_SPEC
OF027,M007_Q0_M1,S004,RXN_MOX_M007,complete monomer oxidation tuple,monomer,3-Octylthiophene,Thiophenes,0,1,test,0,solvent-specific Tier-1 GFN2/ddCOSMO optimized state geometry,tier1:redox:M007:S004:q0:m1,,298.15,298.15,wB97X-D3,def2-TZVP,def2-TZVPD,RIJCOSX + def2/J,TightSCF; DEFGRID3; Opt Freq; tight geometry; MaxIter 200,298.15 K; 1 atm frequency; Quasi-RRHO; project 1 M composite Gibbs convention,solvent_smd_registry.csv,resolved_authoritative,8,3000,24.82,jhtvs-ft0806-optfreq-v3,T2_wB97X-D3_OptFreq_TZVPD-SP_SMD_v4,E_freq_Eh;G_minus_E_freq_Eh;E_final_SP_Eh;G_composite_1M_Eh;frequencies;optimized_geometry;QC_flags;echoed_smd_vector,planned,SRC_PROJECT_TIER2_CURRENT;SRC_ORCA61_SMD;SRC_HANDOFF_SPEC
OF028,M007_QP1_M2,S004,RXN_MOX_M007;RXN_SIG_M007,complete monomer oxidation tuple; reused by sigma tuple,monomer,3-Octylthiophene,Thiophenes,1,2,test,0,solvent-specific Tier-1 GFN2/ddCOSMO optimized state geometry,tier1:redox:M007:S004:q1:m2,,298.15,298.15,wB97X-D3,def2-TZVP,def2-TZVPD,RIJCOSX + def2/J,TightSCF; DEFGRID3; Opt Freq; tight geometry; MaxIter 200,298.15 K; 1 atm frequency; Quasi-RRHO; project 1 M composite Gibbs convention,solvent_smd_registry.csv,resolved_authoritative,8,3000,24.82,jhtvs-ft0806-optfreq-v3,T2_wB97X-D3_OptFreq_TZVPD-SP_SMD_v4,E_freq_Eh;G_minus_E_freq_Eh;E_final_SP_Eh;G_composite_1M_Eh;frequencies;optimized_geometry;QC_flags;echoed_smd_vector,planned,SRC_PROJECT_TIER2_CURRENT;SRC_ORCA61_SMD;SRC_HANDOFF_SPEC
OF029,A002_Q0_M2,S005,RXN_AOX_A002,complete anion oxidation tuple,electrolyte_anion,Tetrafluoroborate (BF4−),Lithium; Tetraalkylammonium,0,2,test,0,solvent-specific Tier-1 GFN2/ddCOSMO optimized state geometry,tier1:redox:A002:S005:q0:m2,,298.15,298.15,wB97X-D3,def2-TZVP,def2-TZVPD,RIJCOSX + def2/J,TightSCF; DEFGRID3; Opt Freq; tight geometry; MaxIter 200,298.15 K; 1 atm frequency; Quasi-RRHO; project 1 M composite Gibbs convention,solvent_smd_registry.csv,resolved_authoritative,8,3000,24.82,jhtvs-ft0806-optfreq-v3,T2_wB97X-D3_OptFreq_TZVPD-SP_SMD_v4,E_freq_Eh;G_minus_E_freq_Eh;E_final_SP_Eh;G_composite_1M_Eh;frequencies;optimized_geometry;QC_flags;echoed_smd_vector,planned,SRC_PROJECT_TIER2_CURRENT;SRC_ORCA61_SMD;SRC_HANDOFF_SPEC
OF030,A002_QM1_M1,S005,RXN_AOX_A002,complete anion oxidation tuple,electrolyte_anion,Tetrafluoroborate (BF4−),Lithium; Tetraalkylammonium,-1,1,test,0,solvent-specific Tier-1 GFN2/ddCOSMO optimized state geometry,tier1:redox:A002:S005:q-1:m1,,298.15,298.15,wB97X-D3,ma-def2-TZVP,def2-TZVPD,RIJCOSX + def2/J,TightSCF; DEFGRID3; Opt Freq; tight geometry; MaxIter 200,298.15 K; 1 atm frequency; Quasi-RRHO; project 1 M composite Gibbs convention,solvent_smd_registry.csv,resolved_authoritative,8,3000,24.82,jhtvs-ft0806-optfreq-v3,T2_wB97X-D3_OptFreq_TZVPD-SP_SMD_v4,E_freq_Eh;G_minus_E_freq_Eh;E_final_SP_Eh;G_composite_1M_Eh;frequencies;optimized_geometry;QC_flags;echoed_smd_vector,planned,SRC_PROJECT_TIER2_CURRENT;SRC_ORCA61_SMD;SRC_HANDOFF_SPEC
OF031,D058_QP2_M1,S005,RXN_SIG_M058,complete sigma tuple; radical-cation state reused,sigma_complex_dication,"3,4-Ethylenedioxyselenophene (EDOS) sigma-complex dication",Selenophenes,2,1,val,0,deterministic sigma construction then solvent-specific GFN2/ddCOSMO preoptimization with connectivity QC,surrogate:sigma_preopt:D058:S005:q2:m1,,298.15,298.15,wB97X-D3,def2-TZVP,def2-TZVPD,RIJCOSX + def2/J,TightSCF; DEFGRID3; Opt Freq; tight geometry; MaxIter 200,298.15 K; 1 atm frequency; Quasi-RRHO; project 1 M composite Gibbs convention,solvent_smd_registry.csv,resolved_authoritative,8,3000,40.0,jhtvs-ft0806-optfreq-v3,T2_wB97X-D3_OptFreq_TZVPD-SP_SMD_v4,E_freq_Eh;G_minus_E_freq_Eh;E_final_SP_Eh;G_composite_1M_Eh;frequencies;optimized_geometry;QC_flags;echoed_smd_vector,planned,SRC_PROJECT_TIER2_CURRENT;SRC_ORCA61_SMD;SRC_HANDOFF_SPEC
OF032,M058_Q0_M1,S005,RXN_MOX_M058,complete monomer oxidation tuple,monomer,"3,4-Ethylenedioxyselenophene (EDOS)",Selenophenes,0,1,val,0,solvent-specific Tier-1 GFN2/ddCOSMO optimized state geometry,tier1:redox:M058:S005:q0:m1,,298.15,298.15,wB97X-D3,def2-TZVP,def2-TZVPD,RIJCOSX + def2/J,TightSCF; DEFGRID3; Opt Freq; tight geometry; MaxIter 200,298.15 K; 1 atm frequency; Quasi-RRHO; project 1 M composite Gibbs convention,solvent_smd_registry.csv,resolved_authoritative,8,3000,24.82,jhtvs-ft0806-optfreq-v3,T2_wB97X-D3_OptFreq_TZVPD-SP_SMD_v4,E_freq_Eh;G_minus_E_freq_Eh;E_final_SP_Eh;G_composite_1M_Eh;frequencies;optimized_geometry;QC_flags;echoed_smd_vector,planned,SRC_PROJECT_TIER2_CURRENT;SRC_ORCA61_SMD;SRC_HANDOFF_SPEC
OF033,M058_QP1_M2,S005,RXN_MOX_M058;RXN_SIG_M058,complete monomer oxidation tuple; reused by sigma tuple,monomer,"3,4-Ethylenedioxyselenophene (EDOS)",Selenophenes,1,2,val,0,solvent-specific Tier-1 GFN2/ddCOSMO optimized state geometry,tier1:redox:M058:S005:q1:m2,,298.15,298.15,wB97X-D3,def2-TZVP,def2-TZVPD,RIJCOSX + def2/J,TightSCF; DEFGRID3; Opt Freq; tight geometry; MaxIter 200,298.15 K; 1 atm frequency; Quasi-RRHO; project 1 M composite Gibbs convention,solvent_smd_registry.csv,resolved_authoritative,8,3000,24.82,jhtvs-ft0806-optfreq-v3,T2_wB97X-D3_OptFreq_TZVPD-SP_SMD_v4,E_freq_Eh;G_minus_E_freq_Eh;E_final_SP_Eh;G_composite_1M_Eh;frequencies;optimized_geometry;QC_flags;echoed_smd_vector,planned,SRC_PROJECT_TIER2_CURRENT;SRC_ORCA61_SMD;SRC_HANDOFF_SPEC
OF034,D027_QP2_M1,S006,RXN_SIG_M027,complete sigma tuple; radical-cation state reused,sigma_complex_dication,N-Methylpyrrole sigma-complex dication,Pyrroles,2,1,test,0,deterministic sigma construction then solvent-specific GFN2/ddCOSMO preoptimization with connectivity QC,surrogate:sigma_preopt:D027:S006:q2:m1,,298.15,298.15,wB97X-D3,def2-TZVP,def2-TZVPD,RIJCOSX + def2/J,TightSCF; DEFGRID3; Opt Freq; tight geometry; MaxIter 200,298.15 K; 1 atm frequency; Quasi-RRHO; project 1 M composite Gibbs convention,solvent_smd_registry.csv,resolved_authoritative,8,3000,40.0,jhtvs-ft0806-optfreq-v3,T2_wB97X-D3_OptFreq_TZVPD-SP_SMD_v4,E_freq_Eh;G_minus_E_freq_Eh;E_final_SP_Eh;G_composite_1M_Eh;frequencies;optimized_geometry;QC_flags;echoed_smd_vector,planned,SRC_PROJECT_TIER2_CURRENT;SRC_ORCA61_SMD;SRC_HANDOFF_SPEC
OF035,D060_QP2_M1,S006,RXN_SIG_M060,complete sigma tuple; radical-cation state reused,sigma_complex_dication,Aniline sigma-complex dication,Anilines,2,1,train,1,deterministic sigma construction then solvent-specific GFN2/ddCOSMO preoptimization with connectivity QC,surrogate:sigma_preopt:D060:S006:q2:m1,,298.15,298.15,wB97X-D3,def2-TZVP,def2-TZVPD,RIJCOSX + def2/J,TightSCF; DEFGRID3; Opt Freq; tight geometry; MaxIter 200,298.15 K; 1 atm frequency; Quasi-RRHO; project 1 M composite Gibbs convention,solvent_smd_registry.csv,resolved_authoritative,8,3000,40.0,jhtvs-ft0806-optfreq-v3,T2_wB97X-D3_OptFreq_TZVPD-SP_SMD_v4,E_freq_Eh;G_minus_E_freq_Eh;E_final_SP_Eh;G_composite_1M_Eh;frequencies;optimized_geometry;QC_flags;echoed_smd_vector,planned,SRC_PROJECT_TIER2_CURRENT;SRC_ORCA61_SMD;SRC_HANDOFF_SPEC
OF036,M027_Q0_M1,S006,RXN_MOX_M027,complete monomer oxidation tuple,monomer,N-Methylpyrrole,Pyrroles,0,1,test,0,solvent-specific Tier-1 GFN2/ddCOSMO optimized state geometry,tier1:redox:M027:S006:q0:m1,,298.15,298.15,wB97X-D3,def2-TZVP,def2-TZVPD,RIJCOSX + def2/J,TightSCF; DEFGRID3; Opt Freq; tight geometry; MaxIter 200,298.15 K; 1 atm frequency; Quasi-RRHO; project 1 M composite Gibbs convention,solvent_smd_registry.csv,resolved_authoritative,8,3000,24.82,jhtvs-ft0806-optfreq-v3,T2_wB97X-D3_OptFreq_TZVPD-SP_SMD_v4,E_freq_Eh;G_minus_E_freq_Eh;E_final_SP_Eh;G_composite_1M_Eh;frequencies;optimized_geometry;QC_flags;echoed_smd_vector,planned,SRC_PROJECT_TIER2_CURRENT;SRC_ORCA61_SMD;SRC_HANDOFF_SPEC
OF037,M027_QP1_M2,S006,RXN_MOX_M027;RXN_SIG_M027,complete monomer oxidation tuple; reused by sigma tuple,monomer,N-Methylpyrrole,Pyrroles,1,2,test,0,solvent-specific Tier-1 GFN2/ddCOSMO optimized state geometry,tier1:redox:M027:S006:q1:m2,,298.15,298.15,wB97X-D3,def2-TZVP,def2-TZVPD,RIJCOSX + def2/J,TightSCF; DEFGRID3; Opt Freq; tight geometry; MaxIter 200,298.15 K; 1 atm frequency; Quasi-RRHO; project 1 M composite Gibbs convention,solvent_smd_registry.csv,resolved_authoritative,8,3000,24.82,jhtvs-ft0806-optfreq-v3,T2_wB97X-D3_OptFreq_TZVPD-SP_SMD_v4,E_freq_Eh;G_minus_E_freq_Eh;E_final_SP_Eh;G_composite_1M_Eh;frequencies;optimized_geometry;QC_flags;echoed_smd_vector,planned,SRC_PROJECT_TIER2_CURRENT;SRC_ORCA61_SMD;SRC_HANDOFF_SPEC
OF038,M060_Q0_M1,S006,RXN_MOX_M060,complete monomer oxidation tuple,monomer,Aniline,Anilines,0,1,train,1,solvent-specific Tier-1 GFN2/ddCOSMO optimized state geometry,tier1:redox:M060:S006:q0:m1,,298.15,298.15,wB97X-D3,def2-TZVP,def2-TZVPD,RIJCOSX + def2/J,TightSCF; DEFGRID3; Opt Freq; tight geometry; MaxIter 200,298.15 K; 1 atm frequency; Quasi-RRHO; project 1 M composite Gibbs convention,solvent_smd_registry.csv,resolved_authoritative,8,3000,24.82,jhtvs-ft0806-optfreq-v3,T2_wB97X-D3_OptFreq_TZVPD-SP_SMD_v4,E_freq_Eh;G_minus_E_freq_Eh;E_final_SP_Eh;G_composite_1M_Eh;frequencies;optimized_geometry;QC_flags;echoed_smd_vector,planned,SRC_PROJECT_TIER2_CURRENT;SRC_ORCA61_SMD;SRC_HANDOFF_SPEC
OF039,M060_QP1_M2,S006,RXN_MOX_M060;RXN_SIG_M060,complete monomer oxidation tuple; reused by sigma tuple,monomer,Aniline,Anilines,1,2,train,1,solvent-specific Tier-1 GFN2/ddCOSMO optimized state geometry,tier1:redox:M060:S006:q1:m2,,298.15,298.15,wB97X-D3,def2-TZVP,def2-TZVPD,RIJCOSX + def2/J,TightSCF; DEFGRID3; Opt Freq; tight geometry; MaxIter 200,298.15 K; 1 atm frequency; Quasi-RRHO; project 1 M composite Gibbs convention,solvent_smd_registry.csv,resolved_authoritative,8,3000,24.82,jhtvs-ft0806-optfreq-v3,T2_wB97X-D3_OptFreq_TZVPD-SP_SMD_v4,E_freq_Eh;G_minus_E_freq_Eh;E_final_SP_Eh;G_composite_1M_Eh;frequencies;optimized_geometry;QC_flags;echoed_smd_vector,planned,SRC_PROJECT_TIER2_CURRENT;SRC_ORCA61_SMD;SRC_HANDOFF_SPEC
OF040,A001_Q0_M2,S007,RXN_AOX_A001,complete anion oxidation tuple,electrolyte_anion,Hexafluorophosphate (PF6−),Tetraalkylammonium,0,2,train,1,solvent-specific Tier-1 GFN2/ddCOSMO optimized state geometry,tier1:redox:A001:S007:q0:m2,,298.15,298.15,wB97X-D3,def2-TZVP,def2-TZVPD,RIJCOSX + def2/J,TightSCF; DEFGRID3; Opt Freq; tight geometry; MaxIter 200,298.15 K; 1 atm frequency; Quasi-RRHO; project 1 M composite Gibbs convention,solvent_smd_registry.csv,resolved_authoritative,8,3000,24.82,jhtvs-ft0806-optfreq-v3,T2_wB97X-D3_OptFreq_TZVPD-SP_SMD_v4,E_freq_Eh;G_minus_E_freq_Eh;E_final_SP_Eh;G_composite_1M_Eh;frequencies;optimized_geometry;QC_flags;echoed_smd_vector,planned,SRC_PROJECT_TIER2_CURRENT;SRC_ORCA61_SMD;SRC_HANDOFF_SPEC
OF041,A001_QM1_M1,S007,RXN_AOX_A001,complete anion oxidation tuple,electrolyte_anion,Hexafluorophosphate (PF6−),Tetraalkylammonium,-1,1,train,1,solvent-specific Tier-1 GFN2/ddCOSMO optimized state geometry,tier1:redox:A001:S007:q-1:m1,,298.15,298.15,wB97X-D3,ma-def2-TZVP,def2-TZVPD,RIJCOSX + def2/J,TightSCF; DEFGRID3; Opt Freq; tight geometry; MaxIter 200,298.15 K; 1 atm frequency; Quasi-RRHO; project 1 M composite Gibbs convention,solvent_smd_registry.csv,resolved_authoritative,8,3000,24.82,jhtvs-ft0806-optfreq-v3,T2_wB97X-D3_OptFreq_TZVPD-SP_SMD_v4,E_freq_Eh;G_minus_E_freq_Eh;E_final_SP_Eh;G_composite_1M_Eh;frequencies;optimized_geometry;QC_flags;echoed_smd_vector,planned,SRC_PROJECT_TIER2_CURRENT;SRC_ORCA61_SMD;SRC_HANDOFF_SPEC
OF042,D055_QP2_M1,S008,RXN_SIG_M055,complete sigma tuple; radical-cation state reused,sigma_complex_dication,3-Octylselenophene sigma-complex dication,Selenophenes,2,1,train,1,deterministic sigma construction then solvent-specific GFN2/ddCOSMO preoptimization with connectivity QC,surrogate:sigma_preopt:D055:S008:q2:m1,,298.15,298.15,wB97X-D3,def2-TZVP,def2-TZVPD,RIJCOSX + def2/J,TightSCF; DEFGRID3; Opt Freq; tight geometry; MaxIter 200,298.15 K; 1 atm frequency; Quasi-RRHO; project 1 M composite Gibbs convention,solvent_smd_registry.csv,resolved_authoritative,8,3000,40.0,jhtvs-ft0806-optfreq-v3,T2_wB97X-D3_OptFreq_TZVPD-SP_SMD_v4,E_freq_Eh;G_minus_E_freq_Eh;E_final_SP_Eh;G_composite_1M_Eh;frequencies;optimized_geometry;QC_flags;echoed_smd_vector,planned,SRC_PROJECT_TIER2_CURRENT;SRC_ORCA61_SMD;SRC_HANDOFF_SPEC
OF043,M055_Q0_M1,S008,RXN_MOX_M055,complete monomer oxidation tuple,monomer,3-Octylselenophene,Selenophenes,0,1,train,1,solvent-specific Tier-1 GFN2/ddCOSMO optimized state geometry,tier1:redox:M055:S008:q0:m1,,298.15,298.15,wB97X-D3,def2-TZVP,def2-TZVPD,RIJCOSX + def2/J,TightSCF; DEFGRID3; Opt Freq; tight geometry; MaxIter 200,298.15 K; 1 atm frequency; Quasi-RRHO; project 1 M composite Gibbs convention,solvent_smd_registry.csv,resolved_authoritative,8,3000,24.82,jhtvs-ft0806-optfreq-v3,T2_wB97X-D3_OptFreq_TZVPD-SP_SMD_v4,E_freq_Eh;G_minus_E_freq_Eh;E_final_SP_Eh;G_composite_1M_Eh;frequencies;optimized_geometry;QC_flags;echoed_smd_vector,planned,SRC_PROJECT_TIER2_CURRENT;SRC_ORCA61_SMD;SRC_HANDOFF_SPEC
OF044,M055_QP1_M2,S008,RXN_MOX_M055;RXN_SIG_M055,complete monomer oxidation tuple; reused by sigma tuple,monomer,3-Octylselenophene,Selenophenes,1,2,train,1,solvent-specific Tier-1 GFN2/ddCOSMO optimized state geometry,tier1:redox:M055:S008:q1:m2,,298.15,298.15,wB97X-D3,def2-TZVP,def2-TZVPD,RIJCOSX + def2/J,TightSCF; DEFGRID3; Opt Freq; tight geometry; MaxIter 200,298.15 K; 1 atm frequency; Quasi-RRHO; project 1 M composite Gibbs convention,solvent_smd_registry.csv,resolved_authoritative,8,3000,24.82,jhtvs-ft0806-optfreq-v3,T2_wB97X-D3_OptFreq_TZVPD-SP_SMD_v4,E_freq_Eh;G_minus_E_freq_Eh;E_final_SP_Eh;G_composite_1M_Eh;frequencies;optimized_geometry;QC_flags;echoed_smd_vector,planned,SRC_PROJECT_TIER2_CURRENT;SRC_ORCA61_SMD;SRC_HANDOFF_SPEC
OF045,D038_QP2_M1,S011,RXN_SIG_M038,complete sigma tuple; radical-cation state reused,sigma_complex_dication,Furan sigma-complex dication,Furans,2,1,train,1,deterministic sigma construction then solvent-specific GFN2/ddCOSMO preoptimization with connectivity QC,surrogate:sigma_preopt:D038:S011:q2:m1,,298.15,298.15,wB97X-D3,def2-TZVP,def2-TZVPD,RIJCOSX + def2/J,TightSCF; DEFGRID3; Opt Freq; tight geometry; MaxIter 200,298.15 K; 1 atm frequency; Quasi-RRHO; project 1 M composite Gibbs convention,solvent_smd_registry.csv,resolved_authoritative,8,3000,40.0,jhtvs-ft0806-optfreq-v3,T2_wB97X-D3_OptFreq_TZVPD-SP_SMD_v4,E_freq_Eh;G_minus_E_freq_Eh;E_final_SP_Eh;G_composite_1M_Eh;frequencies;optimized_geometry;QC_flags;echoed_smd_vector,planned,SRC_PROJECT_TIER2_CURRENT;SRC_ORCA61_SMD;SRC_HANDOFF_SPEC
OF046,M038_Q0_M1,S011,RXN_MOX_M038,complete monomer oxidation tuple,monomer,Furan,Furans,0,1,train,1,solvent-specific Tier-1 GFN2/ddCOSMO optimized state geometry,tier1:redox:M038:S011:q0:m1,,298.15,298.15,wB97X-D3,def2-TZVP,def2-TZVPD,RIJCOSX + def2/J,TightSCF; DEFGRID3; Opt Freq; tight geometry; MaxIter 200,298.15 K; 1 atm frequency; Quasi-RRHO; project 1 M composite Gibbs convention,solvent_smd_registry.csv,resolved_authoritative,8,3000,24.82,jhtvs-ft0806-optfreq-v3,T2_wB97X-D3_OptFreq_TZVPD-SP_SMD_v4,E_freq_Eh;G_minus_E_freq_Eh;E_final_SP_Eh;G_composite_1M_Eh;frequencies;optimized_geometry;QC_flags;echoed_smd_vector,planned,SRC_PROJECT_TIER2_CURRENT;SRC_ORCA61_SMD;SRC_HANDOFF_SPEC
OF047,M038_QP1_M2,S011,RXN_MOX_M038;RXN_SIG_M038,complete monomer oxidation tuple; reused by sigma tuple,monomer,Furan,Furans,1,2,train,1,solvent-specific Tier-1 GFN2/ddCOSMO optimized state geometry,tier1:redox:M038:S011:q1:m2,,298.15,298.15,wB97X-D3,def2-TZVP,def2-TZVPD,RIJCOSX + def2/J,TightSCF; DEFGRID3; Opt Freq; tight geometry; MaxIter 200,298.15 K; 1 atm frequency; Quasi-RRHO; project 1 M composite Gibbs convention,solvent_smd_registry.csv,resolved_authoritative,8,3000,24.82,jhtvs-ft0806-optfreq-v3,T2_wB97X-D3_OptFreq_TZVPD-SP_SMD_v4,E_freq_Eh;G_minus_E_freq_Eh;E_final_SP_Eh;G_composite_1M_Eh;frequencies;optimized_geometry;QC_flags;echoed_smd_vector,planned,SRC_PROJECT_TIER2_CURRENT;SRC_ORCA61_SMD;SRC_HANDOFF_SPEC
OF048,D078_QP2_M1,S013,RXN_SIG_M078,complete sigma tuple; radical-cation state reused,sigma_complex_dication,"9,9-Dimethylfluorene sigma-complex dication",Fluorenes,2,1,val,0,deterministic sigma construction then solvent-specific GFN2/ddCOSMO preoptimization with connectivity QC,surrogate:sigma_preopt:D078:S013:q2:m1,,298.15,298.15,wB97X-D3,def2-TZVP,def2-TZVPD,RIJCOSX + def2/J,TightSCF; DEFGRID3; Opt Freq; tight geometry; MaxIter 200,298.15 K; 1 atm frequency; Quasi-RRHO; project 1 M composite Gibbs convention,solvent_smd_registry.csv,resolved_authoritative,8,3000,40.0,jhtvs-ft0806-optfreq-v3,T2_wB97X-D3_OptFreq_TZVPD-SP_SMD_v4,E_freq_Eh;G_minus_E_freq_Eh;E_final_SP_Eh;G_composite_1M_Eh;frequencies;optimized_geometry;QC_flags;echoed_smd_vector,planned,SRC_PROJECT_TIER2_CURRENT;SRC_ORCA61_SMD;SRC_HANDOFF_SPEC
OF049,D094_QP2_M1,S013,RXN_SIG_M094,complete sigma tuple; radical-cation state reused,sigma_complex_dication,"Cyclopenta[2,1-b:3,4-b′]dithiophene (CPDT) sigma-complex dication",Fused-ring systems,2,1,train,1,deterministic sigma construction then solvent-specific GFN2/ddCOSMO preoptimization with connectivity QC,surrogate:sigma_preopt:D094:S013:q2:m1,,298.15,298.15,wB97X-D3,def2-TZVP,def2-TZVPD,RIJCOSX + def2/J,TightSCF; DEFGRID3; Opt Freq; tight geometry; MaxIter 200,298.15 K; 1 atm frequency; Quasi-RRHO; project 1 M composite Gibbs convention,solvent_smd_registry.csv,resolved_authoritative,8,3000,40.0,jhtvs-ft0806-optfreq-v3,T2_wB97X-D3_OptFreq_TZVPD-SP_SMD_v4,E_freq_Eh;G_minus_E_freq_Eh;E_final_SP_Eh;G_composite_1M_Eh;frequencies;optimized_geometry;QC_flags;echoed_smd_vector,planned,SRC_PROJECT_TIER2_CURRENT;SRC_ORCA61_SMD;SRC_HANDOFF_SPEC
OF050,M078_Q0_M1,S013,RXN_MOX_M078,complete monomer oxidation tuple,monomer,"9,9-Dimethylfluorene",Fluorenes,0,1,val,0,solvent-specific Tier-1 GFN2/ddCOSMO optimized state geometry,tier1:redox:M078:S013:q0:m1,,298.15,298.15,wB97X-D3,def2-TZVP,def2-TZVPD,RIJCOSX + def2/J,TightSCF; DEFGRID3; Opt Freq; tight geometry; MaxIter 200,298.15 K; 1 atm frequency; Quasi-RRHO; project 1 M composite Gibbs convention,solvent_smd_registry.csv,resolved_authoritative,8,3000,24.82,jhtvs-ft0806-optfreq-v3,T2_wB97X-D3_OptFreq_TZVPD-SP_SMD_v4,E_freq_Eh;G_minus_E_freq_Eh;E_final_SP_Eh;G_composite_1M_Eh;frequencies;optimized_geometry;QC_flags;echoed_smd_vector,planned,SRC_PROJECT_TIER2_CURRENT;SRC_ORCA61_SMD;SRC_HANDOFF_SPEC
OF051,M078_QP1_M2,S013,RXN_MOX_M078;RXN_SIG_M078,complete monomer oxidation tuple; reused by sigma tuple,monomer,"9,9-Dimethylfluorene",Fluorenes,1,2,val,0,solvent-specific Tier-1 GFN2/ddCOSMO optimized state geometry,tier1:redox:M078:S013:q1:m2,,298.15,298.15,wB97X-D3,def2-TZVP,def2-TZVPD,RIJCOSX + def2/J,TightSCF; DEFGRID3; Opt Freq; tight geometry; MaxIter 200,298.15 K; 1 atm frequency; Quasi-RRHO; project 1 M composite Gibbs convention,solvent_smd_registry.csv,resolved_authoritative,8,3000,24.82,jhtvs-ft0806-optfreq-v3,T2_wB97X-D3_OptFreq_TZVPD-SP_SMD_v4,E_freq_Eh;G_minus_E_freq_Eh;E_final_SP_Eh;G_composite_1M_Eh;frequencies;optimized_geometry;QC_flags;echoed_smd_vector,planned,SRC_PROJECT_TIER2_CURRENT;SRC_ORCA61_SMD;SRC_HANDOFF_SPEC
OF052,M094_Q0_M1,S013,RXN_MOX_M094,complete monomer oxidation tuple,monomer,"Cyclopenta[2,1-b:3,4-b′]dithiophene (CPDT)",Fused-ring systems,0,1,train,1,solvent-specific Tier-1 GFN2/ddCOSMO optimized state geometry,tier1:redox:M094:S013:q0:m1,,298.15,298.15,wB97X-D3,def2-TZVP,def2-TZVPD,RIJCOSX + def2/J,TightSCF; DEFGRID3; Opt Freq; tight geometry; MaxIter 200,298.15 K; 1 atm frequency; Quasi-RRHO; project 1 M composite Gibbs convention,solvent_smd_registry.csv,resolved_authoritative,8,3000,24.82,jhtvs-ft0806-optfreq-v3,T2_wB97X-D3_OptFreq_TZVPD-SP_SMD_v4,E_freq_Eh;G_minus_E_freq_Eh;E_final_SP_Eh;G_composite_1M_Eh;frequencies;optimized_geometry;QC_flags;echoed_smd_vector,planned,SRC_PROJECT_TIER2_CURRENT;SRC_ORCA61_SMD;SRC_HANDOFF_SPEC
OF053,M094_QP1_M2,S013,RXN_MOX_M094;RXN_SIG_M094,complete monomer oxidation tuple; reused by sigma tuple,monomer,"Cyclopenta[2,1-b:3,4-b′]dithiophene (CPDT)",Fused-ring systems,1,2,train,1,solvent-specific Tier-1 GFN2/ddCOSMO optimized state geometry,tier1:redox:M094:S013:q1:m2,,298.15,298.15,wB97X-D3,def2-TZVP,def2-TZVPD,RIJCOSX + def2/J,TightSCF; DEFGRID3; Opt Freq; tight geometry; MaxIter 200,298.15 K; 1 atm frequency; Quasi-RRHO; project 1 M composite Gibbs convention,solvent_smd_registry.csv,resolved_authoritative,8,3000,24.82,jhtvs-ft0806-optfreq-v3,T2_wB97X-D3_OptFreq_TZVPD-SP_SMD_v4,E_freq_Eh;G_minus_E_freq_Eh;E_final_SP_Eh;G_composite_1M_Eh;frequencies;optimized_geometry;QC_flags;echoed_smd_vector,planned,SRC_PROJECT_TIER2_CURRENT;SRC_ORCA61_SMD;SRC_HANDOFF_SPEC
OF054,D070_QP2_M1,S014,RXN_SIG_M070,complete sigma tuple; radical-cation state reused,sigma_complex_dication,Carbazole sigma-complex dication,Carbazoles,2,1,train,1,deterministic sigma construction then solvent-specific GFN2/ddCOSMO preoptimization with connectivity QC,surrogate:sigma_preopt:D070:S014:q2:m1,,298.15,298.15,wB97X-D3,def2-TZVP,def2-TZVPD,RIJCOSX + def2/J,TightSCF; DEFGRID3; Opt Freq; tight geometry; MaxIter 200,298.15 K; 1 atm frequency; Quasi-RRHO; project 1 M composite Gibbs convention,solvent_smd_registry.csv,resolved_authoritative,8,3000,40.0,jhtvs-ft0806-optfreq-v3,T2_wB97X-D3_OptFreq_TZVPD-SP_SMD_v4,E_freq_Eh;G_minus_E_freq_Eh;E_final_SP_Eh;G_composite_1M_Eh;frequencies;optimized_geometry;QC_flags;echoed_smd_vector,planned,SRC_PROJECT_TIER2_CURRENT;SRC_ORCA61_SMD;SRC_HANDOFF_SPEC
OF055,D086_QP2_M1,S014,RXN_SIG_M086,complete sigma tuple; radical-cation state reused,sigma_complex_dication,"Thieno[3,4-b]pyrazine sigma-complex dication",Donor–Acceptor units,2,1,train,1,deterministic sigma construction then solvent-specific GFN2/ddCOSMO preoptimization with connectivity QC,surrogate:sigma_preopt:D086:S014:q2:m1,,298.15,298.15,wB97X-D3,def2-TZVP,def2-TZVPD,RIJCOSX + def2/J,TightSCF; DEFGRID3; Opt Freq; tight geometry; MaxIter 200,298.15 K; 1 atm frequency; Quasi-RRHO; project 1 M composite Gibbs convention,solvent_smd_registry.csv,resolved_authoritative,8,3000,40.0,jhtvs-ft0806-optfreq-v3,T2_wB97X-D3_OptFreq_TZVPD-SP_SMD_v4,E_freq_Eh;G_minus_E_freq_Eh;E_final_SP_Eh;G_composite_1M_Eh;frequencies;optimized_geometry;QC_flags;echoed_smd_vector,planned,SRC_PROJECT_TIER2_CURRENT;SRC_ORCA61_SMD;SRC_HANDOFF_SPEC
OF056,M070_Q0_M1,S014,RXN_MOX_M070,complete monomer oxidation tuple,monomer,Carbazole,Carbazoles,0,1,train,1,solvent-specific Tier-1 GFN2/ddCOSMO optimized state geometry,tier1:redox:M070:S014:q0:m1,,298.15,298.15,wB97X-D3,def2-TZVP,def2-TZVPD,RIJCOSX + def2/J,TightSCF; DEFGRID3; Opt Freq; tight geometry; MaxIter 200,298.15 K; 1 atm frequency; Quasi-RRHO; project 1 M composite Gibbs convention,solvent_smd_registry.csv,resolved_authoritative,8,3000,24.82,jhtvs-ft0806-optfreq-v3,T2_wB97X-D3_OptFreq_TZVPD-SP_SMD_v4,E_freq_Eh;G_minus_E_freq_Eh;E_final_SP_Eh;G_composite_1M_Eh;frequencies;optimized_geometry;QC_flags;echoed_smd_vector,planned,SRC_PROJECT_TIER2_CURRENT;SRC_ORCA61_SMD;SRC_HANDOFF_SPEC
OF057,M070_QP1_M2,S014,RXN_MOX_M070;RXN_SIG_M070,complete monomer oxidation tuple; reused by sigma tuple,monomer,Carbazole,Carbazoles,1,2,train,1,solvent-specific Tier-1 GFN2/ddCOSMO optimized state geometry,tier1:redox:M070:S014:q1:m2,,298.15,298.15,wB97X-D3,def2-TZVP,def2-TZVPD,RIJCOSX + def2/J,TightSCF; DEFGRID3; Opt Freq; tight geometry; MaxIter 200,298.15 K; 1 atm frequency; Quasi-RRHO; project 1 M composite Gibbs convention,solvent_smd_registry.csv,resolved_authoritative,8,3000,24.82,jhtvs-ft0806-optfreq-v3,T2_wB97X-D3_OptFreq_TZVPD-SP_SMD_v4,E_freq_Eh;G_minus_E_freq_Eh;E_final_SP_Eh;G_composite_1M_Eh;frequencies;optimized_geometry;QC_flags;echoed_smd_vector,planned,SRC_PROJECT_TIER2_CURRENT;SRC_ORCA61_SMD;SRC_HANDOFF_SPEC
OF058,M086_Q0_M1,S014,RXN_MOX_M086,complete monomer oxidation tuple,monomer,"Thieno[3,4-b]pyrazine",Donor–Acceptor units,0,1,train,1,solvent-specific Tier-1 GFN2/ddCOSMO optimized state geometry,tier1:redox:M086:S014:q0:m1,,298.15,298.15,wB97X-D3,def2-TZVP,def2-TZVPD,RIJCOSX + def2/J,TightSCF; DEFGRID3; Opt Freq; tight geometry; MaxIter 200,298.15 K; 1 atm frequency; Quasi-RRHO; project 1 M composite Gibbs convention,solvent_smd_registry.csv,resolved_authoritative,8,3000,24.82,jhtvs-ft0806-optfreq-v3,T2_wB97X-D3_OptFreq_TZVPD-SP_SMD_v4,E_freq_Eh;G_minus_E_freq_Eh;E_final_SP_Eh;G_composite_1M_Eh;frequencies;optimized_geometry;QC_flags;echoed_smd_vector,planned,SRC_PROJECT_TIER2_CURRENT;SRC_ORCA61_SMD;SRC_HANDOFF_SPEC
OF059,M086_QP1_M2,S014,RXN_MOX_M086;RXN_SIG_M086,complete monomer oxidation tuple; reused by sigma tuple,monomer,"Thieno[3,4-b]pyrazine",Donor–Acceptor units,1,2,train,1,solvent-specific Tier-1 GFN2/ddCOSMO optimized state geometry,tier1:redox:M086:S014:q1:m2,,298.15,298.15,wB97X-D3,def2-TZVP,def2-TZVPD,RIJCOSX + def2/J,TightSCF; DEFGRID3; Opt Freq; tight geometry; MaxIter 200,298.15 K; 1 atm frequency; Quasi-RRHO; project 1 M composite Gibbs convention,solvent_smd_registry.csv,resolved_authoritative,8,3000,24.82,jhtvs-ft0806-optfreq-v3,T2_wB97X-D3_OptFreq_TZVPD-SP_SMD_v4,E_freq_Eh;G_minus_E_freq_Eh;E_final_SP_Eh;G_composite_1M_Eh;frequencies;optimized_geometry;QC_flags;echoed_smd_vector,planned,SRC_PROJECT_TIER2_CURRENT;SRC_ORCA61_SMD;SRC_HANDOFF_SPEC
OF060,D042_QP2_M1,S015,RXN_SIG_M042,complete sigma tuple; radical-cation state reused,sigma_complex_dication,3-Octylfuran sigma-complex dication,Furans,2,1,train,1,deterministic sigma construction then solvent-specific GFN2/ddCOSMO preoptimization with connectivity QC,surrogate:sigma_preopt:D042:S015:q2:m1,,298.15,298.15,wB97X-D3,def2-TZVP,def2-TZVPD,RIJCOSX + def2/J,TightSCF; DEFGRID3; Opt Freq; tight geometry; MaxIter 200,298.15 K; 1 atm frequency; Quasi-RRHO; project 1 M composite Gibbs convention,solvent_smd_registry.csv,resolved_authoritative,8,3000,40.0,jhtvs-ft0806-optfreq-v3,T2_wB97X-D3_OptFreq_TZVPD-SP_SMD_v4,E_freq_Eh;G_minus_E_freq_Eh;E_final_SP_Eh;G_composite_1M_Eh;frequencies;optimized_geometry;QC_flags;echoed_smd_vector,planned,SRC_PROJECT_TIER2_CURRENT;SRC_ORCA61_SMD;SRC_HANDOFF_SPEC
OF061,M042_Q0_M1,S015,RXN_MOX_M042,complete monomer oxidation tuple,monomer,3-Octylfuran,Furans,0,1,train,1,solvent-specific Tier-1 GFN2/ddCOSMO optimized state geometry,tier1:redox:M042:S015:q0:m1,,298.15,298.15,wB97X-D3,def2-TZVP,def2-TZVPD,RIJCOSX + def2/J,TightSCF; DEFGRID3; Opt Freq; tight geometry; MaxIter 200,298.15 K; 1 atm frequency; Quasi-RRHO; project 1 M composite Gibbs convention,solvent_smd_registry.csv,resolved_authoritative,8,3000,24.82,jhtvs-ft0806-optfreq-v3,T2_wB97X-D3_OptFreq_TZVPD-SP_SMD_v4,E_freq_Eh;G_minus_E_freq_Eh;E_final_SP_Eh;G_composite_1M_Eh;frequencies;optimized_geometry;QC_flags;echoed_smd_vector,planned,SRC_PROJECT_TIER2_CURRENT;SRC_ORCA61_SMD;SRC_HANDOFF_SPEC
OF062,M042_QP1_M2,S015,RXN_MOX_M042;RXN_SIG_M042,complete monomer oxidation tuple; reused by sigma tuple,monomer,3-Octylfuran,Furans,1,2,train,1,solvent-specific Tier-1 GFN2/ddCOSMO optimized state geometry,tier1:redox:M042:S015:q1:m2,,298.15,298.15,wB97X-D3,def2-TZVP,def2-TZVPD,RIJCOSX + def2/J,TightSCF; DEFGRID3; Opt Freq; tight geometry; MaxIter 200,298.15 K; 1 atm frequency; Quasi-RRHO; project 1 M composite Gibbs convention,solvent_smd_registry.csv,resolved_authoritative,8,3000,24.82,jhtvs-ft0806-optfreq-v3,T2_wB97X-D3_OptFreq_TZVPD-SP_SMD_v4,E_freq_Eh;G_minus_E_freq_Eh;E_final_SP_Eh;G_composite_1M_Eh;frequencies;optimized_geometry;QC_flags;echoed_smd_vector,planned,SRC_PROJECT_TIER2_CURRENT;SRC_ORCA61_SMD;SRC_HANDOFF_SPEC
OF063,D084_QP2_M1,S016,RXN_SIG_M084,complete sigma tuple; radical-cation state reused,sigma_complex_dication,"4,7-Bis(thiophen-2-yl)-2,1,3-benzothiadiazole (TBT) sigma-complex dication",Donor–Acceptor units,2,1,test,0,deterministic sigma construction then solvent-specific GFN2/ddCOSMO preoptimization with connectivity QC,surrogate:sigma_preopt:D084:S016:q2:m1,,298.15,298.15,wB97X-D3,def2-TZVP,def2-TZVPD,RIJCOSX + def2/J,TightSCF; DEFGRID3; Opt Freq; tight geometry; MaxIter 200,298.15 K; 1 atm frequency; Quasi-RRHO; project 1 M composite Gibbs convention,solvent_smd_registry.csv,resolved_authoritative,8,3000,40.0,jhtvs-ft0806-optfreq-v3,T2_wB97X-D3_OptFreq_TZVPD-SP_SMD_v4,E_freq_Eh;G_minus_E_freq_Eh;E_final_SP_Eh;G_composite_1M_Eh;frequencies;optimized_geometry;QC_flags;echoed_smd_vector,planned,SRC_PROJECT_TIER2_CURRENT;SRC_ORCA61_SMD;SRC_HANDOFF_SPEC
OF064,M084_Q0_M1,S016,RXN_MOX_M084,complete monomer oxidation tuple,monomer,"4,7-Bis(thiophen-2-yl)-2,1,3-benzothiadiazole (TBT)",Donor–Acceptor units,0,1,test,0,solvent-specific Tier-1 GFN2/ddCOSMO optimized state geometry,tier1:redox:M084:S016:q0:m1,,298.15,298.15,wB97X-D3,def2-TZVP,def2-TZVPD,RIJCOSX + def2/J,TightSCF; DEFGRID3; Opt Freq; tight geometry; MaxIter 200,298.15 K; 1 atm frequency; Quasi-RRHO; project 1 M composite Gibbs convention,solvent_smd_registry.csv,resolved_authoritative,8,3000,24.82,jhtvs-ft0806-optfreq-v3,T2_wB97X-D3_OptFreq_TZVPD-SP_SMD_v4,E_freq_Eh;G_minus_E_freq_Eh;E_final_SP_Eh;G_composite_1M_Eh;frequencies;optimized_geometry;QC_flags;echoed_smd_vector,planned,SRC_PROJECT_TIER2_CURRENT;SRC_ORCA61_SMD;SRC_HANDOFF_SPEC
OF065,M084_QP1_M2,S016,RXN_MOX_M084;RXN_SIG_M084,complete monomer oxidation tuple; reused by sigma tuple,monomer,"4,7-Bis(thiophen-2-yl)-2,1,3-benzothiadiazole (TBT)",Donor–Acceptor units,1,2,test,0,solvent-specific Tier-1 GFN2/ddCOSMO optimized state geometry,tier1:redox:M084:S016:q1:m2,,298.15,298.15,wB97X-D3,def2-TZVP,def2-TZVPD,RIJCOSX + def2/J,TightSCF; DEFGRID3; Opt Freq; tight geometry; MaxIter 200,298.15 K; 1 atm frequency; Quasi-RRHO; project 1 M composite Gibbs convention,solvent_smd_registry.csv,resolved_authoritative,8,3000,24.82,jhtvs-ft0806-optfreq-v3,T2_wB97X-D3_OptFreq_TZVPD-SP_SMD_v4,E_freq_Eh;G_minus_E_freq_Eh;E_final_SP_Eh;G_composite_1M_Eh;frequencies;optimized_geometry;QC_flags;echoed_smd_vector,planned,SRC_PROJECT_TIER2_CURRENT;SRC_ORCA61_SMD;SRC_HANDOFF_SPEC
OF066,A011_Q0_M2,S017,RXN_AOX_A011,complete anion oxidation tuple,electrolyte_anion,Chloride (Cl−),Inorganic,0,2,val,0,solvent-specific Tier-1 GFN2/ddCOSMO optimized state geometry,tier1:redox:A011:S017:q0:m2,,298.15,298.15,wB97X-D3,def2-TZVP,def2-TZVPD,RIJCOSX + def2/J,TightSCF; DEFGRID3; Opt Freq; tight geometry; MaxIter 200,298.15 K; 1 atm frequency; Quasi-RRHO; project 1 M composite Gibbs convention,solvent_smd_registry.csv,resolved_authoritative,8,3000,24.82,jhtvs-ft0806-optfreq-v3,T2_wB97X-D3_OptFreq_TZVPD-SP_SMD_v4,E_freq_Eh;G_minus_E_freq_Eh;E_final_SP_Eh;G_composite_1M_Eh;frequencies;optimized_geometry;QC_flags;echoed_smd_vector,planned,SRC_PROJECT_TIER2_CURRENT;SRC_ORCA61_SMD;SRC_HANDOFF_SPEC
OF067,A011_QM1_M1,S017,RXN_AOX_A011,complete anion oxidation tuple,electrolyte_anion,Chloride (Cl−),Inorganic,-1,1,val,0,solvent-specific Tier-1 GFN2/ddCOSMO optimized state geometry,tier1:redox:A011:S017:q-1:m1,,298.15,298.15,wB97X-D3,ma-def2-TZVP,def2-TZVPD,RIJCOSX + def2/J,TightSCF; DEFGRID3; Opt Freq; tight geometry; MaxIter 200,298.15 K; 1 atm frequency; Quasi-RRHO; project 1 M composite Gibbs convention,solvent_smd_registry.csv,resolved_authoritative,8,3000,24.82,jhtvs-ft0806-optfreq-v3,T2_wB97X-D3_OptFreq_TZVPD-SP_SMD_v4,E_freq_Eh;G_minus_E_freq_Eh;E_final_SP_Eh;G_composite_1M_Eh;frequencies;optimized_geometry;QC_flags;echoed_smd_vector,planned,SRC_PROJECT_TIER2_CURRENT;SRC_ORCA61_SMD;SRC_HANDOFF_SPEC
OF068,D024_QP2_M1,S017,RXN_SIG_M024,complete sigma tuple; radical-cation state reused,sigma_complex_dication,"2,2′-Bithiophene sigma-complex dication",Thiophenes,2,1,train,1,deterministic sigma construction then solvent-specific GFN2/ddCOSMO preoptimization with connectivity QC,surrogate:sigma_preopt:D024:S017:q2:m1,,298.15,298.15,wB97X-D3,def2-TZVP,def2-TZVPD,RIJCOSX + def2/J,TightSCF; DEFGRID3; Opt Freq; tight geometry; MaxIter 200,298.15 K; 1 atm frequency; Quasi-RRHO; project 1 M composite Gibbs convention,solvent_smd_registry.csv,resolved_authoritative,8,3000,40.0,jhtvs-ft0806-optfreq-v3,T2_wB97X-D3_OptFreq_TZVPD-SP_SMD_v4,E_freq_Eh;G_minus_E_freq_Eh;E_final_SP_Eh;G_composite_1M_Eh;frequencies;optimized_geometry;QC_flags;echoed_smd_vector,planned,SRC_PROJECT_TIER2_CURRENT;SRC_ORCA61_SMD;SRC_HANDOFF_SPEC
OF069,D096_QP2_M1,S017,RXN_SIG_M096,complete sigma tuple; radical-cation state reused,sigma_complex_dication,"4,4-Dihexyl-CPDT sigma-complex dication",Fused-ring systems,2,1,val,0,deterministic sigma construction then solvent-specific GFN2/ddCOSMO preoptimization with connectivity QC,surrogate:sigma_preopt:D096:S017:q2:m1,,298.15,298.15,wB97X-D3,def2-TZVP,def2-TZVPD,RIJCOSX + def2/J,TightSCF; DEFGRID3; Opt Freq; tight geometry; MaxIter 200,298.15 K; 1 atm frequency; Quasi-RRHO; project 1 M composite Gibbs convention,solvent_smd_registry.csv,resolved_authoritative,8,3000,40.0,jhtvs-ft0806-optfreq-v3,T2_wB97X-D3_OptFreq_TZVPD-SP_SMD_v4,E_freq_Eh;G_minus_E_freq_Eh;E_final_SP_Eh;G_composite_1M_Eh;frequencies;optimized_geometry;QC_flags;echoed_smd_vector,planned,SRC_PROJECT_TIER2_CURRENT;SRC_ORCA61_SMD;SRC_HANDOFF_SPEC
OF070,M024_Q0_M1,S017,RXN_MOX_M024,complete monomer oxidation tuple,monomer,"2,2′-Bithiophene",Thiophenes,0,1,train,1,solvent-specific Tier-1 GFN2/ddCOSMO optimized state geometry,tier1:redox:M024:S017:q0:m1,,298.15,298.15,wB97X-D3,def2-TZVP,def2-TZVPD,RIJCOSX + def2/J,TightSCF; DEFGRID3; Opt Freq; tight geometry; MaxIter 200,298.15 K; 1 atm frequency; Quasi-RRHO; project 1 M composite Gibbs convention,solvent_smd_registry.csv,resolved_authoritative,8,3000,24.82,jhtvs-ft0806-optfreq-v3,T2_wB97X-D3_OptFreq_TZVPD-SP_SMD_v4,E_freq_Eh;G_minus_E_freq_Eh;E_final_SP_Eh;G_composite_1M_Eh;frequencies;optimized_geometry;QC_flags;echoed_smd_vector,planned,SRC_PROJECT_TIER2_CURRENT;SRC_ORCA61_SMD;SRC_HANDOFF_SPEC
OF071,M024_QP1_M2,S017,RXN_MOX_M024;RXN_SIG_M024,complete monomer oxidation tuple; reused by sigma tuple,monomer,"2,2′-Bithiophene",Thiophenes,1,2,train,1,solvent-specific Tier-1 GFN2/ddCOSMO optimized state geometry,tier1:redox:M024:S017:q1:m2,,298.15,298.15,wB97X-D3,def2-TZVP,def2-TZVPD,RIJCOSX + def2/J,TightSCF; DEFGRID3; Opt Freq; tight geometry; MaxIter 200,298.15 K; 1 atm frequency; Quasi-RRHO; project 1 M composite Gibbs convention,solvent_smd_registry.csv,resolved_authoritative,8,3000,24.82,jhtvs-ft0806-optfreq-v3,T2_wB97X-D3_OptFreq_TZVPD-SP_SMD_v4,E_freq_Eh;G_minus_E_freq_Eh;E_final_SP_Eh;G_composite_1M_Eh;frequencies;optimized_geometry;QC_flags;echoed_smd_vector,planned,SRC_PROJECT_TIER2_CURRENT;SRC_ORCA61_SMD;SRC_HANDOFF_SPEC
OF072,M096_Q0_M1,S017,RXN_MOX_M096,complete monomer oxidation tuple,monomer,"4,4-Dihexyl-CPDT",Fused-ring systems,0,1,val,0,solvent-specific Tier-1 GFN2/ddCOSMO optimized state geometry,tier1:redox:M096:S017:q0:m1,,298.15,298.15,wB97X-D3,def2-TZVP,def2-TZVPD,RIJCOSX + def2/J,TightSCF; DEFGRID3; Opt Freq; tight geometry; MaxIter 200,298.15 K; 1 atm frequency; Quasi-RRHO; project 1 M composite Gibbs convention,solvent_smd_registry.csv,resolved_authoritative,8,3000,24.82,jhtvs-ft0806-optfreq-v3,T2_wB97X-D3_OptFreq_TZVPD-SP_SMD_v4,E_freq_Eh;G_minus_E_freq_Eh;E_final_SP_Eh;G_composite_1M_Eh;frequencies;optimized_geometry;QC_flags;echoed_smd_vector,planned,SRC_PROJECT_TIER2_CURRENT;SRC_ORCA61_SMD;SRC_HANDOFF_SPEC
OF073,M096_QP1_M2,S017,RXN_MOX_M096;RXN_SIG_M096,complete monomer oxidation tuple; reused by sigma tuple,monomer,"4,4-Dihexyl-CPDT",Fused-ring systems,1,2,val,0,solvent-specific Tier-1 GFN2/ddCOSMO optimized state geometry,tier1:redox:M096:S017:q1:m2,,298.15,298.15,wB97X-D3,def2-TZVP,def2-TZVPD,RIJCOSX + def2/J,TightSCF; DEFGRID3; Opt Freq; tight geometry; MaxIter 200,298.15 K; 1 atm frequency; Quasi-RRHO; project 1 M composite Gibbs convention,solvent_smd_registry.csv,resolved_authoritative,8,3000,24.82,jhtvs-ft0806-optfreq-v3,T2_wB97X-D3_OptFreq_TZVPD-SP_SMD_v4,E_freq_Eh;G_minus_E_freq_Eh;E_final_SP_Eh;G_composite_1M_Eh;frequencies;optimized_geometry;QC_flags;echoed_smd_vector,planned,SRC_PROJECT_TIER2_CURRENT;SRC_ORCA61_SMD;SRC_HANDOFF_SPEC
OF074,S017_Q0_M1,S017,RXN_SOX_S017,complete solvent self-oxidation tuple,solvent_oxidation_target,1-Ethyl-3-methylimidazolium bis(trifluoromethanesulfonyl)imide ([EMIM][TFSI]),Ionic liquid,0,1,test,0,self-medium Tier-1 GFN2/ddCOSMO optimized state geometry,tier1:redox:S017:S017:q0:m1,,298.15,298.15,wB97X-D3,def2-TZVP,def2-TZVPD,RIJCOSX + def2/J,TightSCF; DEFGRID3; Opt Freq; tight geometry; MaxIter 200,298.15 K; 1 atm frequency; Quasi-RRHO; project 1 M composite Gibbs convention,solvent_smd_registry.csv,resolved_authoritative,8,3000,24.82,jhtvs-ft0806-optfreq-v3,T2_wB97X-D3_OptFreq_TZVPD-SP_SMD_v4,E_freq_Eh;G_minus_E_freq_Eh;E_final_SP_Eh;G_composite_1M_Eh;frequencies;optimized_geometry;QC_flags;echoed_smd_vector,planned,SRC_PROJECT_TIER2_CURRENT;SRC_ORCA61_SMD;SRC_HANDOFF_SPEC
OF075,S017_QP1_M2,S017,RXN_SOX_S017,complete solvent self-oxidation tuple,solvent_oxidation_target,1-Ethyl-3-methylimidazolium bis(trifluoromethanesulfonyl)imide ([EMIM][TFSI]),Ionic liquid,1,2,test,0,self-medium Tier-1 GFN2/ddCOSMO optimized state geometry,tier1:redox:S017:S017:q1:m2,,298.15,298.15,wB97X-D3,def2-TZVP,def2-TZVPD,RIJCOSX + def2/J,TightSCF; DEFGRID3; Opt Freq; tight geometry; MaxIter 200,298.15 K; 1 atm frequency; Quasi-RRHO; project 1 M composite Gibbs convention,solvent_smd_registry.csv,resolved_authoritative,8,3000,24.82,jhtvs-ft0806-optfreq-v3,T2_wB97X-D3_OptFreq_TZVPD-SP_SMD_v4,E_freq_Eh;G_minus_E_freq_Eh;E_final_SP_Eh;G_composite_1M_Eh;frequencies;optimized_geometry;QC_flags;echoed_smd_vector,planned,SRC_PROJECT_TIER2_CURRENT;SRC_ORCA61_SMD;SRC_HANDOFF_SPEC
OF076,A006_Q0_M2,S022,RXN_AOX_A006,complete anion oxidation tuple,electrolyte_anion,Poly(styrene sulfonate) H-capped repeat-unit anion (PSS− proxy),Polymeric,0,2,val,0,solvent-specific Tier-1 GFN2/ddCOSMO optimized state geometry,tier1:redox:A006:S022:q0:m2,,313.15,298.15,wB97X-D3,def2-TZVP,def2-TZVPD,RIJCOSX + def2/J,TightSCF; DEFGRID3; Opt Freq; tight geometry; MaxIter 200,298.15 K; 1 atm frequency; Quasi-RRHO; project 1 M composite Gibbs convention,solvent_smd_registry.csv,resolved_authoritative,8,3000,24.82,jhtvs-ft0806-optfreq-v3,T2_wB97X-D3_OptFreq_TZVPD-SP_SMD_v4,E_freq_Eh;G_minus_E_freq_Eh;E_final_SP_Eh;G_composite_1M_Eh;frequencies;optimized_geometry;QC_flags;echoed_smd_vector,planned,SRC_PROJECT_TIER2_CURRENT;SRC_ORCA61_SMD;SRC_HANDOFF_SPEC
OF077,A006_QM1_M1,S022,RXN_AOX_A006,complete anion oxidation tuple,electrolyte_anion,Poly(styrene sulfonate) H-capped repeat-unit anion (PSS− proxy),Polymeric,-1,1,val,0,solvent-specific Tier-1 GFN2/ddCOSMO optimized state geometry,tier1:redox:A006:S022:q-1:m1,,313.15,298.15,wB97X-D3,ma-def2-TZVP,def2-TZVPD,RIJCOSX + def2/J,TightSCF; DEFGRID3; Opt Freq; tight geometry; MaxIter 200,298.15 K; 1 atm frequency; Quasi-RRHO; project 1 M composite Gibbs convention,solvent_smd_registry.csv,resolved_authoritative,8,3000,24.82,jhtvs-ft0806-optfreq-v3,T2_wB97X-D3_OptFreq_TZVPD-SP_SMD_v4,E_freq_Eh;G_minus_E_freq_Eh;E_final_SP_Eh;G_composite_1M_Eh;frequencies;optimized_geometry;QC_flags;echoed_smd_vector,planned,SRC_PROJECT_TIER2_CURRENT;SRC_ORCA61_SMD;SRC_HANDOFF_SPEC
OF078,D026_QP2_M1,S024,RXN_SIG_M026,complete sigma tuple; radical-cation state reused,sigma_complex_dication,Pyrrole sigma-complex dication,Pyrroles,2,1,train,1,deterministic sigma construction then solvent-specific GFN2/ddCOSMO preoptimization with connectivity QC,surrogate:sigma_preopt:D026:S024:q2:m1,,298.15,298.15,wB97X-D3,def2-TZVP,def2-TZVPD,RIJCOSX + def2/J,TightSCF; DEFGRID3; Opt Freq; tight geometry; MaxIter 200,298.15 K; 1 atm frequency; Quasi-RRHO; project 1 M composite Gibbs convention,solvent_smd_registry.csv,resolved_authoritative,8,3000,40.0,jhtvs-ft0806-optfreq-v3,T2_wB97X-D3_OptFreq_TZVPD-SP_SMD_v4,E_freq_Eh;G_minus_E_freq_Eh;E_final_SP_Eh;G_composite_1M_Eh;frequencies;optimized_geometry;QC_flags;echoed_smd_vector,planned,SRC_PROJECT_TIER2_CURRENT;SRC_ORCA61_SMD;SRC_HANDOFF_SPEC
OF079,M026_Q0_M1,S024,RXN_MOX_M026,complete monomer oxidation tuple,monomer,Pyrrole,Pyrroles,0,1,train,1,solvent-specific Tier-1 GFN2/ddCOSMO optimized state geometry,tier1:redox:M026:S024:q0:m1,,298.15,298.15,wB97X-D3,def2-TZVP,def2-TZVPD,RIJCOSX + def2/J,TightSCF; DEFGRID3; Opt Freq; tight geometry; MaxIter 200,298.15 K; 1 atm frequency; Quasi-RRHO; project 1 M composite Gibbs convention,solvent_smd_registry.csv,resolved_authoritative,8,3000,24.82,jhtvs-ft0806-optfreq-v3,T2_wB97X-D3_OptFreq_TZVPD-SP_SMD_v4,E_freq_Eh;G_minus_E_freq_Eh;E_final_SP_Eh;G_composite_1M_Eh;frequencies;optimized_geometry;QC_flags;echoed_smd_vector,planned,SRC_PROJECT_TIER2_CURRENT;SRC_ORCA61_SMD;SRC_HANDOFF_SPEC
OF080,M026_QP1_M2,S024,RXN_MOX_M026;RXN_SIG_M026,complete monomer oxidation tuple; reused by sigma tuple,monomer,Pyrrole,Pyrroles,1,2,train,1,solvent-specific Tier-1 GFN2/ddCOSMO optimized state geometry,tier1:redox:M026:S024:q1:m2,,298.15,298.15,wB97X-D3,def2-TZVP,def2-TZVPD,RIJCOSX + def2/J,TightSCF; DEFGRID3; Opt Freq; tight geometry; MaxIter 200,298.15 K; 1 atm frequency; Quasi-RRHO; project 1 M composite Gibbs convention,solvent_smd_registry.csv,resolved_authoritative,8,3000,24.82,jhtvs-ft0806-optfreq-v3,T2_wB97X-D3_OptFreq_TZVPD-SP_SMD_v4,E_freq_Eh;G_minus_E_freq_Eh;E_final_SP_Eh;G_composite_1M_Eh;frequencies;optimized_geometry;QC_flags;echoed_smd_vector,planned,SRC_PROJECT_TIER2_CURRENT;SRC_ORCA61_SMD;SRC_HANDOFF_SPEC
