parent_id,sigma_state_id,reaction_id,monomer_name,family,source_monomer_smiles,source_hexamer_smiles,rdkit_atom_index_base,site_a_atom_index_0based,site_b_atom_index_0based,site_a_atom_map_1based,site_b_atom_map_1based,site_a_element,site_b_element,site_a_total_h_in_monomer,site_b_total_h_in_monomer,site_a_is_aromatic,site_b_is_aromatic,site_a_canonical_rank,site_b_canonical_rank,site_pair_symmetry_equivalent,link_atom_pair,repeat_link_rule,inter_repeat_bond_type,coupling_marker,coupling_smiles,coupling_atom_mapped_smiles,all_atom_mapped_smiles,hexamer_substructure_match_count,hexamer_exact_cover_count,hexamer_inter_repeat_bond_count,reconstructed_hexamer_matches_source,monomer_heavy_atom_count,monomer_formula,neutral_dimer_smiles,neutral_dimer_heavy_atom_count,neutral_dimer_formula,neutral_dimer_formula_is_2M_minus_H2,junction_copy1_atom_index_0based,junction_copy2_atom_index_0based,sigma_formula_expected,sigma_product_charge,sigma_product_multiplicity,sigma_geometry_semantics,topology_source,topology_status,topology_sha256
M001,D001_QP2_M1,RXN_SIG_M001,Thiophene,Thiophenes,c1ccsc1,c1csc(-c2ccc(-c3ccc(-c4ccc(-c5ccc(-c6cccs6)s5)s4)s3)s2)c1,0,2,4,3,5,C,C,1,1,True,True,2,2,True,C-C,copy_i.site_b--copy_i+1.site_a,single,I,Ic1ccc(I)s1,c1c[cH:1]s[cH:2]1,[cH:1]1[cH:2][cH:3][s:4][cH:5]1,6,1,5,True,5,C4H4S,c1csc(-c2cccs2)c1,10,C8H6S2,true,4,7,C8H8S2+2,2,1,neutral n=2 backbone at frozen link; add one H to each junction atom; target-medium GFN2/ddCOSMO preopt,frozen explicit n=6 hexamer,approved,d91b5366538573950dd039992050d34571fc5ef704d76a4f050a5a3b28ba9a44
M002,D002_QP2_M1,RXN_SIG_M002,3-Methylthiophene,Thiophenes,Cc1ccsc1,Cc1csc(-c2sc(-c3sc(-c4sc(-c5sc(-c6sccc6C)cc5C)cc4C)cc3C)cc2C)c1,0,3,5,4,6,C,C,1,1,True,True,1,3,False,C-C,copy_i.site_b--copy_i+1.site_a,single,I,Cc1cc(I)sc1I,Cc1c[cH:1]s[cH:2]1,[CH3:1][c:2]1[cH:3][cH:4][s:5][cH:6]1,6,1,5,True,6,C5H6S,Cc1csc(-c2sccc2C)c1,12,C10H10S2,true,5,9,C10H12S2+2,2,1,neutral n=2 backbone at frozen link; add one H to each junction atom; target-medium GFN2/ddCOSMO preopt,frozen explicit n=6 hexamer,approved,3e1ab749ead160fb5f4855e5153c7682ef27882e4e8446f31280c9003c4ec3d7
M003,D003_QP2_M1,RXN_SIG_M003,3-Ethylthiophene,Thiophenes,CCc1ccsc1,CCc1csc(-c2sc(-c3sc(-c4sc(-c5sc(-c6sccc6CC)cc5CC)cc4CC)cc3CC)cc2CC)c1,0,4,6,5,7,C,C,1,1,True,True,1,3,False,C-C,copy_i.site_b--copy_i+1.site_a,single,I,CCc1cc(I)sc1I,CCc1c[cH:1]s[cH:2]1,[CH3:1][CH2:2][c:3]1[cH:4][cH:5][s:6][cH:7]1,6,1,5,True,7,C6H8S,CCc1csc(-c2sccc2CC)c1,14,C12H14S2,true,6,11,C12H16S2+2,2,1,neutral n=2 backbone at frozen link; add one H to each junction atom; target-medium GFN2/ddCOSMO preopt,frozen explicit n=6 hexamer,approved,933b0aa8446c9fc4c4f729ed6b62a84d9da28c8dc2f018f714d965d4f8575da9
M004,D004_QP2_M1,RXN_SIG_M004,3-Propylthiophene,Thiophenes,CCCc1ccsc1,CCCc1csc(-c2sc(-c3sc(-c4sc(-c5sc(-c6sccc6CCC)cc5CCC)cc4CCC)cc3CCC)cc2CCC)c1,0,5,7,6,8,C,C,1,1,True,True,1,3,False,C-C,copy_i.site_b--copy_i+1.site_a,single,I,CCCc1cc(I)sc1I,CCCc1c[cH:1]s[cH:2]1,[CH3:1][CH2:2][CH2:3][c:4]1[cH:5][cH:6][s:7][cH:8]1,6,1,5,True,8,C7H10S,CCCc1csc(-c2sccc2CCC)c1,16,C14H18S2,true,7,13,C14H20S2+2,2,1,neutral n=2 backbone at frozen link; add one H to each junction atom; target-medium GFN2/ddCOSMO preopt,frozen explicit n=6 hexamer,approved,bd028378051c5a1b83c45a66cd1b838f541e7d911498a8a31f0b720157bf899b
M005,D005_QP2_M1,RXN_SIG_M005,3-Butylthiophene,Thiophenes,CCCCc1ccsc1,CCCCc1csc(-c2sc(-c3sc(-c4sc(-c5sc(-c6sccc6CCCC)cc5CCCC)cc4CCCC)cc3CCCC)cc2CCCC)c1,0,6,8,7,9,C,C,1,1,True,True,1,3,False,C-C,copy_i.site_b--copy_i+1.site_a,single,I,CCCCc1cc(I)sc1I,CCCCc1c[cH:1]s[cH:2]1,[CH3:1][CH2:2][CH2:3][CH2:4][c:5]1[cH:6][cH:7][s:8][cH:9]1,6,1,5,True,9,C8H12S,CCCCc1csc(-c2sccc2CCCC)c1,18,C16H22S2,true,8,15,C16H24S2+2,2,1,neutral n=2 backbone at frozen link; add one H to each junction atom; target-medium GFN2/ddCOSMO preopt,frozen explicit n=6 hexamer,approved,d569a749e490e5011b11d38ed1f749a14b30d99255671a559d5518870e2829d7
M006,D006_QP2_M1,RXN_SIG_M006,3-Hexylthiophene (3HT),Thiophenes,CCCCCCc1ccsc1,CCCCCCc1csc(-c2sc(-c3sc(-c4sc(-c5sc(-c6sccc6CCCCCC)cc5CCCCCC)cc4CCCCCC)cc3CCCCCC)cc2CCCCCC)c1,0,8,10,9,11,C,C,1,1,True,True,1,3,False,C-C,copy_i.site_b--copy_i+1.site_a,single,I,CCCCCCc1cc(I)sc1I,CCCCCCc1c[cH:1]s[cH:2]1,[CH3:1][CH2:2][CH2:3][CH2:4][CH2:5][CH2:6][c:7]1[cH:8][cH:9][s:10][cH:11]1,6,1,5,True,11,C10H16S,CCCCCCc1csc(-c2sccc2CCCCCC)c1,22,C20H30S2,true,10,19,C20H32S2+2,2,1,neutral n=2 backbone at frozen link; add one H to each junction atom; target-medium GFN2/ddCOSMO preopt,frozen explicit n=6 hexamer,approved,c19c63a6ae9e84493e4ef4dd6804c3a3eef5658d764ed53427804fad7773670a
M007,D007_QP2_M1,RXN_SIG_M007,3-Octylthiophene,Thiophenes,CCCCCCCCc1ccsc1,CCCCCCCCc1csc(-c2sc(-c3sc(-c4sc(-c5sc(-c6sccc6CCCCCCCC)cc5CCCCCCCC)cc4CCCCCCCC)cc3CCCCCCCC)cc2CCCCCCCC)c1,0,10,12,11,13,C,C,1,1,True,True,1,3,False,C-C,copy_i.site_b--copy_i+1.site_a,single,I,CCCCCCCCc1cc(I)sc1I,CCCCCCCCc1c[cH:1]s[cH:2]1,[CH3:1][CH2:2][CH2:3][CH2:4][CH2:5][CH2:6][CH2:7][CH2:8][c:9]1[cH:10][cH:11][s:12][cH:13]1,6,1,5,True,13,C12H20S,CCCCCCCCc1csc(-c2sccc2CCCCCCCC)c1,26,C24H38S2,true,12,23,C24H40S2+2,2,1,neutral n=2 backbone at frozen link; add one H to each junction atom; target-medium GFN2/ddCOSMO preopt,frozen explicit n=6 hexamer,approved,c22e5822a2ba731f97573b42599174645134b4d9d684f49d0c6d8f472656a7d6
M008,D008_QP2_M1,RXN_SIG_M008,3-Methoxythiophene,Thiophenes,COc1ccsc1,COc1csc(-c2sc(-c3sc(-c4sc(-c5sc(-c6sccc6OC)cc5OC)cc4OC)cc3OC)cc2OC)c1,0,4,6,5,7,C,C,1,1,True,True,1,3,False,C-C,copy_i.site_b--copy_i+1.site_a,single,I,COc1cc(I)sc1I,COc1c[cH:1]s[cH:2]1,[CH3:1][O:2][c:3]1[cH:4][cH:5][s:6][cH:7]1,6,1,5,True,7,C5H6OS,COc1csc(-c2sccc2OC)c1,14,C10H10O2S2,true,6,11,C10H12O2S2+2,2,1,neutral n=2 backbone at frozen link; add one H to each junction atom; target-medium GFN2/ddCOSMO preopt,frozen explicit n=6 hexamer,approved,6ed0fd2600b5edc462019b60934ccf2c6feea5da52f67367c7570934cad5dc12
M009,D009_QP2_M1,RXN_SIG_M009,3-Ethoxythiophene,Thiophenes,CCOc1ccsc1,CCOc1csc(-c2sc(-c3sc(-c4sc(-c5sc(-c6sccc6OCC)cc5OCC)cc4OCC)cc3OCC)cc2OCC)c1,0,5,7,6,8,C,C,1,1,True,True,1,3,False,C-C,copy_i.site_b--copy_i+1.site_a,single,I,CCOc1cc(I)sc1I,CCOc1c[cH:1]s[cH:2]1,[CH3:1][CH2:2][O:3][c:4]1[cH:5][cH:6][s:7][cH:8]1,6,1,5,True,8,C6H8OS,CCOc1csc(-c2sccc2OCC)c1,16,C12H14O2S2,true,7,13,C12H16O2S2+2,2,1,neutral n=2 backbone at frozen link; add one H to each junction atom; target-medium GFN2/ddCOSMO preopt,frozen explicit n=6 hexamer,approved,44d588c17741072a5aa7dad1e81b0a24417572675ac4bacb6765a98df802a11a
M010,D010_QP2_M1,RXN_SIG_M010,3-Fluorothiophene,Thiophenes,Fc1ccsc1,Fc1csc(-c2sc(-c3sc(-c4sc(-c5sc(-c6sccc6F)cc5F)cc4F)cc3F)cc2F)c1,0,3,5,4,6,C,C,1,1,True,True,1,3,False,C-C,copy_i.site_b--copy_i+1.site_a,single,I,Fc1cc(I)sc1I,Fc1c[cH:1]s[cH:2]1,[F:1][c:2]1[cH:3][cH:4][s:5][cH:6]1,6,1,5,True,6,C4H3FS,Fc1csc(-c2sccc2F)c1,12,C8H4F2S2,true,5,9,C8H6F2S2+2,2,1,neutral n=2 backbone at frozen link; add one H to each junction atom; target-medium GFN2/ddCOSMO preopt,frozen explicit n=6 hexamer,approved,2362108fcaef6578270115b1df78fbca4d4ae941ad8911e3bb41bc19813fa6d2
M011,D011_QP2_M1,RXN_SIG_M011,3-Chlorothiophene,Thiophenes,Clc1ccsc1,Clc1csc(-c2sc(-c3sc(-c4sc(-c5sc(-c6sccc6Cl)cc5Cl)cc4Cl)cc3Cl)cc2Cl)c1,0,3,5,4,6,C,C,1,1,True,True,1,3,False,C-C,copy_i.site_b--copy_i+1.site_a,single,I,Clc1cc(I)sc1I,Clc1c[cH:1]s[cH:2]1,[Cl:1][c:2]1[cH:3][cH:4][s:5][cH:6]1,6,1,5,True,6,C4H3ClS,Clc1csc(-c2sccc2Cl)c1,12,C8H4Cl2S2,true,5,9,C8H6Cl2S2+2,2,1,neutral n=2 backbone at frozen link; add one H to each junction atom; target-medium GFN2/ddCOSMO preopt,frozen explicit n=6 hexamer,approved,e1b8e97b6ce44005cb541570a167b67efa54e8fa28517ba1936c319a80c1f16c
M012,D012_QP2_M1,RXN_SIG_M012,3-Bromothiophene,Thiophenes,Brc1ccsc1,Brc1csc(-c2sc(-c3sc(-c4sc(-c5sc(-c6sccc6Br)cc5Br)cc4Br)cc3Br)cc2Br)c1,0,3,5,4,6,C,C,1,1,True,True,1,3,False,C-C,copy_i.site_b--copy_i+1.site_a,single,I,Brc1cc(I)sc1I,Brc1c[cH:1]s[cH:2]1,[Br:1][c:2]1[cH:3][cH:4][s:5][cH:6]1,6,1,5,True,6,C4H3BrS,Brc1csc(-c2sccc2Br)c1,12,C8H4Br2S2,true,5,9,C8H6Br2S2+2,2,1,neutral n=2 backbone at frozen link; add one H to each junction atom; target-medium GFN2/ddCOSMO preopt,frozen explicit n=6 hexamer,approved,fdaccf9753efc50af83816e4c6dce5b158a321fbbd8481ddcf08d78398361fb3
M013,D013_QP2_M1,RXN_SIG_M013,Thiophene-3-carbonitrile,Thiophenes,N#Cc1ccsc1,N#Cc1csc(-c2sc(-c3sc(-c4sc(-c5sc(-c6sccc6C#N)cc5C#N)cc4C#N)cc3C#N)cc2C#N)c1,0,4,6,5,7,C,C,1,1,True,True,2,4,False,C-C,copy_i.site_b--copy_i+1.site_a,single,I,N#Cc1cc(I)sc1I,N#Cc1c[cH:1]s[cH:2]1,[N:1]#[C:2][c:3]1[cH:4][cH:5][s:6][cH:7]1,6,1,5,True,7,C5H3NS,N#Cc1csc(-c2sccc2C#N)c1,14,C10H4N2S2,true,6,11,C10H6N2S2+2,2,1,neutral n=2 backbone at frozen link; add one H to each junction atom; target-medium GFN2/ddCOSMO preopt,frozen explicit n=6 hexamer,approved,aba75d05b0b16795f13c20ca0890e901f7745ddee84cde2f874dd50b9e9da0ef
M014,D014_QP2_M1,RXN_SIG_M014,Methyl thiophene-3-carboxylate,Thiophenes,COC(=O)c1ccsc1,COC(=O)c1csc(-c2sc(-c3sc(-c4sc(-c5sc(-c6sccc6C(=O)OC)cc5C(=O)OC)cc4C(=O)OC)cc3C(=O)OC)cc2C(=O)OC)c1,0,6,8,7,9,C,C,1,1,True,True,2,4,False,C-C,copy_i.site_b--copy_i+1.site_a,single,I,COC(=O)c1cc(I)sc1I,COC(=O)c1c[cH:1]s[cH:2]1,[CH3:1][O:2][C:3](=[O:4])[c:5]1[cH:6][cH:7][s:8][cH:9]1,6,1,5,True,9,C6H6O2S,COC(=O)c1csc(-c2sccc2C(=O)OC)c1,18,C12H10O4S2,true,8,15,C12H12O4S2+2,2,1,neutral n=2 backbone at frozen link; add one H to each junction atom; target-medium GFN2/ddCOSMO preopt,frozen explicit n=6 hexamer,approved,9608ced37fc90f310cf30ca02ff0efbccad0e47dadc26b43f69f7559b7746f37
M015,D015_QP2_M1,RXN_SIG_M015,3-Acetylthiophene,Thiophenes,CC(=O)c1ccsc1,CC(=O)c1csc(-c2sc(-c3sc(-c4sc(-c5sc(-c6sccc6C(C)=O)cc5C(C)=O)cc4C(C)=O)cc3C(C)=O)cc2C(C)=O)c1,0,5,7,6,8,C,C,1,1,True,True,2,4,False,C-C,copy_i.site_b--copy_i+1.site_a,single,I,CC(=O)c1cc(I)sc1I,CC(=O)c1c[cH:1]s[cH:2]1,[CH3:1][C:2](=[O:3])[c:4]1[cH:5][cH:6][s:7][cH:8]1,6,1,5,True,8,C6H6OS,CC(=O)c1csc(-c2sccc2C(C)=O)c1,16,C12H10O2S2,true,7,13,C12H12O2S2+2,2,1,neutral n=2 backbone at frozen link; add one H to each junction atom; target-medium GFN2/ddCOSMO preopt,frozen explicit n=6 hexamer,approved,31834638965906e5bebfcbf6ff0c10db344eb7dfb72ec369037f72d77c816612
M016,D016_QP2_M1,RXN_SIG_M016,"3,4-Dimethylthiophene",Thiophenes,Cc1cscc1C,Cc1csc(-c2sc(-c3sc(-c4sc(-c5sc(-c6scc(C)c6C)c(C)c5C)c(C)c4C)c(C)c3C)c(C)c2C)c1C,0,2,4,3,5,C,C,1,1,True,True,2,2,True,C-C,copy_i.site_b--copy_i+1.site_a,single,I,Cc1c(I)sc(I)c1C,Cc1[cH:1]s[cH:2]c1C,[CH3:1][c:2]1[cH:3][s:4][cH:5][c:6]1[CH3:7],6,1,5,True,7,C6H8S,Cc1csc(-c2scc(C)c2C)c1C,14,C12H14S2,true,4,9,C12H16S2+2,2,1,neutral n=2 backbone at frozen link; add one H to each junction atom; target-medium GFN2/ddCOSMO preopt,frozen explicit n=6 hexamer,approved,fc2d0fddd152059b91fc3098c7345b4038e336a16e96b28e03c13acc87a7eec3
M017,D017_QP2_M1,RXN_SIG_M017,"3,4-Diethylthiophene",Thiophenes,CCc1cscc1CC,CCc1csc(-c2sc(-c3sc(-c4sc(-c5sc(-c6scc(CC)c6CC)c(CC)c5CC)c(CC)c4CC)c(CC)c3CC)c(CC)c2CC)c1CC,0,3,5,4,6,C,C,1,1,True,True,2,2,True,C-C,copy_i.site_b--copy_i+1.site_a,single,I,CCc1c(I)sc(I)c1CC,CCc1[cH:1]s[cH:2]c1CC,[CH3:1][CH2:2][c:3]1[cH:4][s:5][cH:6][c:7]1[CH2:8][CH3:9],6,1,5,True,9,C8H12S,CCc1csc(-c2scc(CC)c2CC)c1CC,18,C16H22S2,true,5,12,C16H24S2+2,2,1,neutral n=2 backbone at frozen link; add one H to each junction atom; target-medium GFN2/ddCOSMO preopt,frozen explicit n=6 hexamer,approved,46328fc0c47bc7061eef30c78122b78c4e1ddc09603a05ed20ed99b7cf728772
M018,D018_QP2_M1,RXN_SIG_M018,"3,4-Difluorothiophene",Thiophenes,Fc1cscc1F,Fc1csc(-c2sc(-c3sc(-c4sc(-c5sc(-c6scc(F)c6F)c(F)c5F)c(F)c4F)c(F)c3F)c(F)c2F)c1F,0,2,4,3,5,C,C,1,1,True,True,2,2,True,C-C,copy_i.site_b--copy_i+1.site_a,single,I,Fc1c(I)sc(I)c1F,Fc1[cH:1]s[cH:2]c1F,[F:1][c:2]1[cH:3][s:4][cH:5][c:6]1[F:7],6,1,5,True,7,C4H2F2S,Fc1csc(-c2scc(F)c2F)c1F,14,C8H2F4S2,true,4,9,C8H4F4S2+2,2,1,neutral n=2 backbone at frozen link; add one H to each junction atom; target-medium GFN2/ddCOSMO preopt,frozen explicit n=6 hexamer,approved,624d712d4881867da0915fc3ba03719d9dcd0b04de41bc138384fc17bb2b5b16
M019,D019_QP2_M1,RXN_SIG_M019,"3,4-Dichlorothiophene",Thiophenes,Clc1cscc1Cl,Clc1csc(-c2sc(-c3sc(-c4sc(-c5sc(-c6scc(Cl)c6Cl)c(Cl)c5Cl)c(Cl)c4Cl)c(Cl)c3Cl)c(Cl)c2Cl)c1Cl,0,2,4,3,5,C,C,1,1,True,True,2,2,True,C-C,copy_i.site_b--copy_i+1.site_a,single,I,Clc1c(I)sc(I)c1Cl,Clc1[cH:1]s[cH:2]c1Cl,[Cl:1][c:2]1[cH:3][s:4][cH:5][c:6]1[Cl:7],6,1,5,True,7,C4H2Cl2S,Clc1csc(-c2scc(Cl)c2Cl)c1Cl,14,C8H2Cl4S2,true,4,9,C8H4Cl4S2+2,2,1,neutral n=2 backbone at frozen link; add one H to each junction atom; target-medium GFN2/ddCOSMO preopt,frozen explicit n=6 hexamer,approved,aec9cf400910f1e82986eff208cf8deef35513aa7027a15a0212f9b216b84eb2
M020,D020_QP2_M1,RXN_SIG_M020,"3,4-Dimethoxythiophene",Thiophenes,COc1cscc1OC,COc1csc(-c2sc(-c3sc(-c4sc(-c5sc(-c6scc(OC)c6OC)c(OC)c5OC)c(OC)c4OC)c(OC)c3OC)c(OC)c2OC)c1OC,0,3,5,4,6,C,C,1,1,True,True,2,2,True,C-C,copy_i.site_b--copy_i+1.site_a,single,I,COc1c(I)sc(I)c1OC,COc1[cH:1]s[cH:2]c1OC,[CH3:1][O:2][c:3]1[cH:4][s:5][cH:6][c:7]1[O:8][CH3:9],6,1,5,True,9,C6H8O2S,COc1csc(-c2scc(OC)c2OC)c1OC,18,C12H14O4S2,true,5,12,C12H16O4S2+2,2,1,neutral n=2 backbone at frozen link; add one H to each junction atom; target-medium GFN2/ddCOSMO preopt,frozen explicit n=6 hexamer,approved,b0452832dfa984c601422735aa1eac53f26073af92045c24180ffbded10f80fb
M021,D021_QP2_M1,RXN_SIG_M021,3-(Trifluoromethyl)thiophene,Thiophenes,FC(F)(F)c1ccsc1,FC(F)(F)c1csc(-c2sc(-c3sc(-c4sc(-c5sc(-c6sccc6C(F)(F)F)cc5C(F)(F)F)cc4C(F)(F)F)cc3C(F)(F)F)cc2C(F)(F)F)c1,0,6,8,7,9,C,C,1,1,True,True,3,5,False,C-C,copy_i.site_b--copy_i+1.site_a,single,I,FC(F)(F)c1cc(I)sc1I,FC(F)(F)c1c[cH:1]s[cH:2]1,[F:1][C:2]([F:3])([F:4])[c:5]1[cH:6][cH:7][s:8][cH:9]1,6,1,5,True,9,C5H3F3S,FC(F)(F)c1csc(-c2sccc2C(F)(F)F)c1,18,C10H4F6S2,true,8,15,C10H6F6S2+2,2,1,neutral n=2 backbone at frozen link; add one H to each junction atom; target-medium GFN2/ddCOSMO preopt,frozen explicit n=6 hexamer,approved,56e0a1e22bf99a393299b0582f0a7ccd98216bee350207a45f20c55143436862
M022,D022_QP2_M1,RXN_SIG_M022,"3,4-Ethylenedioxythiophene (EDOT)",Thiophenes,c1scc2c1OCCO2,c1sc(-c2sc(-c3sc(-c4sc(-c5sc(-c6scc7c6OCCO7)c6c5OCCO6)c5c4OCCO5)c4c3OCCO4)c3c2OCCO3)c2c1OCCO2,0,0,2,1,3,C,C,1,1,True,True,0,0,True,C-C,copy_i.site_b--copy_i+1.site_a,single,I,Ic1sc(I)c2c1OCCO2,[cH:1]1s[cH:2]c2c1OCCO2,[cH:1]1[s:2][cH:3][c:4]2[c:5]1[O:6][CH2:7][CH2:8][O:9]2,6,1,5,True,9,C6H6O2S,c1sc(-c2scc3c2OCCO3)c2c1OCCO2,18,C12H10O4S2,true,2,9,C12H12O4S2+2,2,1,neutral n=2 backbone at frozen link; add one H to each junction atom; target-medium GFN2/ddCOSMO preopt,frozen explicit n=6 hexamer,approved,c52a7955c993523ae0b74d691655b76a0a83b8f91fef3ddce29d735a8839c10d
M023,D023_QP2_M1,RXN_SIG_M023,"3,4-Propylenedioxythiophene (ProDOT)",Thiophenes,c1scc2c1OCCCO2,c1sc(-c2sc(-c3sc(-c4sc(-c5sc(-c6scc7c6OCCCO7)c6c5OCCCO6)c5c4OCCCO5)c4c3OCCCO4)c3c2OCCCO3)c2c1OCCCO2,0,0,2,1,3,C,C,1,1,True,True,0,0,True,C-C,copy_i.site_b--copy_i+1.site_a,single,I,Ic1sc(I)c2c1OCCCO2,[cH:1]1s[cH:2]c2c1OCCCO2,[cH:1]1[s:2][cH:3][c:4]2[c:5]1[O:6][CH2:7][CH2:8][CH2:9][O:10]2,6,1,5,True,10,C7H8O2S,c1sc(-c2scc3c2OCCCO3)c2c1OCCCO2,20,C14H14O4S2,true,2,10,C14H16O4S2+2,2,1,neutral n=2 backbone at frozen link; add one H to each junction atom; target-medium GFN2/ddCOSMO preopt,frozen explicit n=6 hexamer,approved,b6f6bf7a19b500681013464c963abb3273a4d126c2a152c44dcf977323be9ad7
M024,D024_QP2_M1,RXN_SIG_M024,"2,2′-Bithiophene",Thiophenes,c1csc(-c2cccs2)c1,c1csc(-c2ccc(-c3ccc(-c4ccc(-c5ccc(-c6ccc(-c7ccc(-c8ccc(-c9ccc(-c%10ccc(-c%11ccc(-c%12cccs%12)s%11)s%10)s9)s8)s7)s6)s5)s4)s3)s2)c1,0,1,7,2,8,C,C,1,1,True,True,2,2,True,C-C,copy_i.site_b--copy_i+1.site_a,single,I,Ic1ccc(-c2ccc(I)s2)s1,c1[cH:1]sc(-c2cc[cH:2]s2)c1,[cH:1]1[cH:2][s:3][c:4](-[c:5]2[cH:6][cH:7][cH:8][s:9]2)[cH:10]1,11,1,5,True,10,C8H6S2,c1csc(-c2ccc(-c3ccc(-c4cccs4)s3)s2)c1,20,C16H10S4,true,7,11,C16H12S4+2,2,1,neutral n=2 backbone at frozen link; add one H to each junction atom; target-medium GFN2/ddCOSMO preopt,frozen explicit n=6 hexamer,approved,ca64859a23594e53e6d2ec99181f1e0726ddfafcd140178ecbb0eef148ba356e
M025,D025_QP2_M1,RXN_SIG_M025,"2,2′:5′,2″-Terthiophene",Thiophenes,c1csc(-c2ccc(-c3cccs3)s2)c1,c1csc(-c2ccc(-c3ccc(-c4ccc(-c5ccc(-c6ccc(-c7ccc(-c8ccc(-c9ccc(-c%10ccc(-c%11ccc(-c%12ccc(-c%13ccc(-c%14ccc(-c%15ccc(-c%16ccc(-c%17ccc(-c%18cccs%18)s%17)s%16)s%15)s%14)s%13)s%12)s%11)s%10)s9)s8)s7)s6)s5)s4)s3)s2)c1,0,1,11,2,12,C,C,1,1,True,True,2,2,True,C-C,copy_i.site_b--copy_i+1.site_a,single,I,Ic1ccc(-c2ccc(-c3ccc(I)s3)s2)s1,c1[cH:1]sc(-c2ccc(-c3cc[cH:2]s3)s2)c1,[cH:1]1[cH:2][s:3][c:4](-[c:5]2[cH:6][cH:7][c:8](-[c:9]3[cH:10][cH:11][cH:12][s:13]3)[s:14]2)[cH:15]1,16,1,5,True,15,C12H8S3,c1csc(-c2ccc(-c3ccc(-c4ccc(-c5ccc(-c6cccs6)s5)s4)s3)s2)c1,30,C24H14S6,true,11,16,C24H16S6+2,2,1,neutral n=2 backbone at frozen link; add one H to each junction atom; target-medium GFN2/ddCOSMO preopt,frozen explicit n=6 hexamer,approved,64b6a48a157c6fdc7bfdeb23cbb4950dc19c631fcb58f76102fa82abaa7722f6
M026,D026_QP2_M1,RXN_SIG_M026,Pyrrole,Pyrroles,c1cc[nH]c1,c1c[nH]c(-c2ccc(-c3ccc(-c4ccc(-c5ccc(-c6ccc[nH]6)[nH]5)[nH]4)[nH]3)[nH]2)c1,0,2,4,3,5,C,C,1,1,True,True,2,2,True,C-C,copy_i.site_b--copy_i+1.site_a,single,I,Ic1ccc(I)[nH]1,c1c[cH:1][nH][cH:2]1,[cH:1]1[cH:2][cH:3][nH:4][cH:5]1,6,1,5,True,5,C4H5N,c1c[nH]c(-c2ccc[nH]2)c1,10,C8H8N2,true,4,7,C8H10N2+2,2,1,neutral n=2 backbone at frozen link; add one H to each junction atom; target-medium GFN2/ddCOSMO preopt,frozen explicit n=6 hexamer,approved,093b7eec0fcab9ca3924493750f2ef0f9d2392c35b69b071d68425d25fc935b8
M027,D027_QP2_M1,RXN_SIG_M027,N-Methylpyrrole,Pyrroles,Cn1cccc1,Cn1cccc1-c1ccc(-c2ccc(-c3ccc(-c4ccc(-c5cccn5C)n4C)n3C)n2C)n1C,0,2,5,3,6,C,C,1,1,True,True,3,3,True,C-C,copy_i.site_b--copy_i+1.site_a,single,I,Cn1c(I)ccc1I,Cn1[cH:1]cc[cH:2]1,[CH3:1][n:2]1[cH:3][cH:4][cH:5][cH:6]1,6,1,5,True,6,C5H7N,Cn1cccc1-c1cccn1C,12,C10H12N2,true,5,8,C10H14N2+2,2,1,neutral n=2 backbone at frozen link; add one H to each junction atom; target-medium GFN2/ddCOSMO preopt,frozen explicit n=6 hexamer,approved,b3c6fbf1321aa0eacd14eb33042f9651e6ab357e99f4a89d4c330d2556696848
M028,D028_QP2_M1,RXN_SIG_M028,N-Ethylpyrrole,Pyrroles,CCn1cccc1,CCn1cccc1-c1ccc(-c2ccc(-c3ccc(-c4ccc(-c5cccn5CC)n4CC)n3CC)n2CC)n1CC,0,3,6,4,7,C,C,1,1,True,True,3,3,True,C-C,copy_i.site_b--copy_i+1.site_a,single,I,CCn1c(I)ccc1I,CCn1[cH:1]cc[cH:2]1,[CH3:1][CH2:2][n:3]1[cH:4][cH:5][cH:6][cH:7]1,6,1,5,True,7,C6H9N,CCn1cccc1-c1cccn1CC,14,C12H16N2,true,6,10,C12H18N2+2,2,1,neutral n=2 backbone at frozen link; add one H to each junction atom; target-medium GFN2/ddCOSMO preopt,frozen explicit n=6 hexamer,approved,107b0849a5630d7862962cf341df70ab75132ef3669ec47ccd8ac73f1cfc1d32
M029,D029_QP2_M1,RXN_SIG_M029,N-Propylpyrrole,Pyrroles,CCCn1cccc1,CCCn1cccc1-c1ccc(-c2ccc(-c3ccc(-c4ccc(-c5cccn5CCC)n4CCC)n3CCC)n2CCC)n1CCC,0,4,7,5,8,C,C,1,1,True,True,3,3,True,C-C,copy_i.site_b--copy_i+1.site_a,single,I,CCCn1c(I)ccc1I,CCCn1[cH:1]cc[cH:2]1,[CH3:1][CH2:2][CH2:3][n:4]1[cH:5][cH:6][cH:7][cH:8]1,6,1,5,True,8,C7H11N,CCCn1cccc1-c1cccn1CCC,16,C14H20N2,true,7,12,C14H22N2+2,2,1,neutral n=2 backbone at frozen link; add one H to each junction atom; target-medium GFN2/ddCOSMO preopt,frozen explicit n=6 hexamer,approved,c5f7710b2b5a3e8377473b0beb8336379656aa9a9697c031a2dab4df7ddf838a
M030,D030_QP2_M1,RXN_SIG_M030,N-Hexylpyrrole,Pyrroles,CCCCCCn1cccc1,CCCCCCn1cccc1-c1ccc(-c2ccc(-c3ccc(-c4ccc(-c5cccn5CCCCCC)n4CCCCCC)n3CCCCCC)n2CCCCCC)n1CCCCCC,0,7,10,8,11,C,C,1,1,True,True,3,3,True,C-C,copy_i.site_b--copy_i+1.site_a,single,I,CCCCCCn1c(I)ccc1I,CCCCCCn1[cH:1]cc[cH:2]1,[CH3:1][CH2:2][CH2:3][CH2:4][CH2:5][CH2:6][n:7]1[cH:8][cH:9][cH:10][cH:11]1,6,1,5,True,11,C10H17N,CCCCCCn1cccc1-c1cccn1CCCCCC,22,C20H32N2,true,10,18,C20H34N2+2,2,1,neutral n=2 backbone at frozen link; add one H to each junction atom; target-medium GFN2/ddCOSMO preopt,frozen explicit n=6 hexamer,approved,e477dbd8e5121d8621c395961f6088261e986bb94985fe7252b27fc21bdcb4f4
M031,D031_QP2_M1,RXN_SIG_M031,N-Octylpyrrole,Pyrroles,CCCCCCCCn1cccc1,CCCCCCCCn1cccc1-c1ccc(-c2ccc(-c3ccc(-c4ccc(-c5cccn5CCCCCCCC)n4CCCCCCCC)n3CCCCCCCC)n2CCCCCCCC)n1CCCCCCCC,0,9,12,10,13,C,C,1,1,True,True,3,3,True,C-C,copy_i.site_b--copy_i+1.site_a,single,I,CCCCCCCCn1c(I)ccc1I,CCCCCCCCn1[cH:1]cc[cH:2]1,[CH3:1][CH2:2][CH2:3][CH2:4][CH2:5][CH2:6][CH2:7][CH2:8][n:9]1[cH:10][cH:11][cH:12][cH:13]1,6,1,5,True,13,C12H21N,CCCCCCCCn1cccc1-c1cccn1CCCCCCCC,26,C24H40N2,true,12,22,C24H42N2+2,2,1,neutral n=2 backbone at frozen link; add one H to each junction atom; target-medium GFN2/ddCOSMO preopt,frozen explicit n=6 hexamer,approved,2cdf02e34c251c2a94273efc2c0d82420b0697b0dc76521c6786d06d82be6f4e
M032,D032_QP2_M1,RXN_SIG_M032,3-Methylpyrrole,Pyrroles,Cc1cc[nH]c1,Cc1c[nH]c(-c2[nH]c(-c3[nH]c(-c4[nH]c(-c5[nH]c(-c6[nH]ccc6C)cc5C)cc4C)cc3C)cc2C)c1,0,3,5,4,6,C,C,1,1,True,True,1,3,False,C-C,copy_i.site_b--copy_i+1.site_a,single,I,Cc1cc(I)[nH]c1I,Cc1c[cH:1][nH][cH:2]1,[CH3:1][c:2]1[cH:3][cH:4][nH:5][cH:6]1,6,1,5,True,6,C5H7N,Cc1c[nH]c(-c2[nH]ccc2C)c1,12,C10H12N2,true,5,9,C10H14N2+2,2,1,neutral n=2 backbone at frozen link; add one H to each junction atom; target-medium GFN2/ddCOSMO preopt,frozen explicit n=6 hexamer,approved,3f4b8a2541a4fc4306e3e2c6feafcc93a48d1870b473ba8bd4d2108513319149
M033,D033_QP2_M1,RXN_SIG_M033,3-Ethylpyrrole,Pyrroles,CCc1cc[nH]c1,CCc1c[nH]c(-c2[nH]c(-c3[nH]c(-c4[nH]c(-c5[nH]c(-c6[nH]ccc6CC)cc5CC)cc4CC)cc3CC)cc2CC)c1,0,4,6,5,7,C,C,1,1,True,True,1,3,False,C-C,copy_i.site_b--copy_i+1.site_a,single,I,CCc1cc(I)[nH]c1I,CCc1c[cH:1][nH][cH:2]1,[CH3:1][CH2:2][c:3]1[cH:4][cH:5][nH:6][cH:7]1,6,1,5,True,7,C6H9N,CCc1c[nH]c(-c2[nH]ccc2CC)c1,14,C12H16N2,true,6,11,C12H18N2+2,2,1,neutral n=2 backbone at frozen link; add one H to each junction atom; target-medium GFN2/ddCOSMO preopt,frozen explicit n=6 hexamer,approved,db2cd3f647cea63c3b67c93292cac5c76728e25a8519ad9a5ec2e92c75303367
M034,D034_QP2_M1,RXN_SIG_M034,"3,4-Dimethylpyrrole",Pyrroles,Cc1c[nH]cc1C,Cc1c[nH]c(-c2[nH]c(-c3[nH]c(-c4[nH]c(-c5[nH]c(-c6[nH]cc(C)c6C)c(C)c5C)c(C)c4C)c(C)c3C)c(C)c2C)c1C,0,2,4,3,5,C,C,1,1,True,True,2,2,True,C-C,copy_i.site_b--copy_i+1.site_a,single,I,Cc1c(I)[nH]c(I)c1C,Cc1[cH:1][nH][cH:2]c1C,[CH3:1][c:2]1[cH:3][nH:4][cH:5][c:6]1[CH3:7],6,1,5,True,7,C6H9N,Cc1c[nH]c(-c2[nH]cc(C)c2C)c1C,14,C12H16N2,true,4,9,C12H18N2+2,2,1,neutral n=2 backbone at frozen link; add one H to each junction atom; target-medium GFN2/ddCOSMO preopt,frozen explicit n=6 hexamer,approved,3e7de079829733fe1b4850b5355281f797e100a719876857ef20dbf48d4b766a
M035,D035_QP2_M1,RXN_SIG_M035,"3,4-Diethylpyrrole",Pyrroles,CCc1c[nH]cc1CC,CCc1c[nH]c(-c2[nH]c(-c3[nH]c(-c4[nH]c(-c5[nH]c(-c6[nH]cc(CC)c6CC)c(CC)c5CC)c(CC)c4CC)c(CC)c3CC)c(CC)c2CC)c1CC,0,3,5,4,6,C,C,1,1,True,True,2,2,True,C-C,copy_i.site_b--copy_i+1.site_a,single,I,CCc1c(I)[nH]c(I)c1CC,CCc1[cH:1][nH][cH:2]c1CC,[CH3:1][CH2:2][c:3]1[cH:4][nH:5][cH:6][c:7]1[CH2:8][CH3:9],6,1,5,True,9,C8H13N,CCc1c[nH]c(-c2[nH]cc(CC)c2CC)c1CC,18,C16H24N2,true,5,12,C16H26N2+2,2,1,neutral n=2 backbone at frozen link; add one H to each junction atom; target-medium GFN2/ddCOSMO preopt,frozen explicit n=6 hexamer,approved,23dde4a3721d9582a8faeab07f68e779dcf140a8bc0b89919ede09a3db8eb68a
M036,D036_QP2_M1,RXN_SIG_M036,"3,4-Ethylenedioxypyrrole (EDOP)",Pyrroles,c1[nH]cc2c1OCCO2,c1[nH]c(-c2[nH]c(-c3[nH]c(-c4[nH]c(-c5[nH]c(-c6[nH]cc7c6OCCO7)c6c5OCCO6)c5c4OCCO5)c4c3OCCO4)c3c2OCCO3)c2c1OCCO2,0,0,2,1,3,C,C,1,1,True,True,0,0,True,C-C,copy_i.site_b--copy_i+1.site_a,single,I,Ic1[nH]c(I)c2c1OCCO2,[cH:1]1[nH][cH:2]c2c1OCCO2,[cH:1]1[nH:2][cH:3][c:4]2[c:5]1[O:6][CH2:7][CH2:8][O:9]2,6,1,5,True,9,C6H7NO2,c1[nH]c(-c2[nH]cc3c2OCCO3)c2c1OCCO2,18,C12H12N2O4,true,2,9,C12H14N2O4+2,2,1,neutral n=2 backbone at frozen link; add one H to each junction atom; target-medium GFN2/ddCOSMO preopt,frozen explicit n=6 hexamer,approved,53590f3491c872ba47b29d0126167028f629df6e78c0a697506d6465de5fb03d
M037,D037_QP2_M1,RXN_SIG_M037,"N-Methyl-3,4-ethylenedioxypyrrole (N-Me-EDOP)",Pyrroles,Cn1cc2c(c1)OCCO2,Cn1cc2c(c1-c1c3c(c(-c4c5c(c(-c6c7c(c(-c8c9c(c(-c%10c%11c(cn%10C)OCCO%11)n8C)OCCO9)n6C)OCCO7)n4C)OCCO5)n1C)OCCO3)OCCO2,0,2,5,3,6,C,C,1,1,True,True,1,1,True,C-C,copy_i.site_b--copy_i+1.site_a,single,I,Cn1c(I)c2c(c1I)OCCO2,Cn1[cH:1]c2c([cH:2]1)OCCO2,[CH3:1][n:2]1[cH:3][c:4]2[c:5]([cH:6]1)[O:7][CH2:8][CH2:9][O:10]2,6,1,5,True,10,C7H9NO2,Cn1cc2c(c1-c1c3c(cn1C)OCCO3)OCCO2,20,C14H16N2O4,true,5,12,C14H18N2O4+2,2,1,neutral n=2 backbone at frozen link; add one H to each junction atom; target-medium GFN2/ddCOSMO preopt,frozen explicit n=6 hexamer,approved,0228a65a44b3bcf04d29e79202b8111a5d823fc4d26d1e4a9f45e061ed90d178
M038,D038_QP2_M1,RXN_SIG_M038,Furan,Furans,c1ccoc1,c1coc(-c2ccc(-c3ccc(-c4ccc(-c5ccc(-c6ccco6)o5)o4)o3)o2)c1,0,2,4,3,5,C,C,1,1,True,True,2,2,True,C-C,copy_i.site_b--copy_i+1.site_a,single,I,Ic1ccc(I)o1,c1c[cH:1]o[cH:2]1,[cH:1]1[cH:2][cH:3][o:4][cH:5]1,6,1,5,True,5,C4H4O,c1coc(-c2ccco2)c1,10,C8H6O2,true,4,7,C8H8O2+2,2,1,neutral n=2 backbone at frozen link; add one H to each junction atom; target-medium GFN2/ddCOSMO preopt,frozen explicit n=6 hexamer,approved,08991518873f05e416fc87d0dd4d17355fb44aee6d096cb10afc321783131651
M039,D039_QP2_M1,RXN_SIG_M039,3-Methylfuran,Furans,Cc1ccoc1,Cc1coc(-c2oc(-c3oc(-c4oc(-c5oc(-c6occc6C)cc5C)cc4C)cc3C)cc2C)c1,0,3,5,4,6,C,C,1,1,True,True,1,3,False,C-C,copy_i.site_b--copy_i+1.site_a,single,I,Cc1cc(I)oc1I,Cc1c[cH:1]o[cH:2]1,[CH3:1][c:2]1[cH:3][cH:4][o:5][cH:6]1,6,1,5,True,6,C5H6O,Cc1coc(-c2occc2C)c1,12,C10H10O2,true,5,9,C10H12O2+2,2,1,neutral n=2 backbone at frozen link; add one H to each junction atom; target-medium GFN2/ddCOSMO preopt,frozen explicit n=6 hexamer,approved,6e15c25a1154b268a388c10ef9e89c9fe0c8c334e01eee95047fd00a7368ac59
M040,D040_QP2_M1,RXN_SIG_M040,3-Ethylfuran,Furans,CCc1ccoc1,CCc1coc(-c2oc(-c3oc(-c4oc(-c5oc(-c6occc6CC)cc5CC)cc4CC)cc3CC)cc2CC)c1,0,4,6,5,7,C,C,1,1,True,True,1,3,False,C-C,copy_i.site_b--copy_i+1.site_a,single,I,CCc1cc(I)oc1I,CCc1c[cH:1]o[cH:2]1,[CH3:1][CH2:2][c:3]1[cH:4][cH:5][o:6][cH:7]1,6,1,5,True,7,C6H8O,CCc1coc(-c2occc2CC)c1,14,C12H14O2,true,6,11,C12H16O2+2,2,1,neutral n=2 backbone at frozen link; add one H to each junction atom; target-medium GFN2/ddCOSMO preopt,frozen explicit n=6 hexamer,approved,7f2b1c3e4ef007f8f4051d8c501a7769c7592b2d8466b3347316b59ac134ef80
M041,D041_QP2_M1,RXN_SIG_M041,3-Hexylfuran,Furans,CCCCCCc1ccoc1,CCCCCCc1coc(-c2oc(-c3oc(-c4oc(-c5oc(-c6occc6CCCCCC)cc5CCCCCC)cc4CCCCCC)cc3CCCCCC)cc2CCCCCC)c1,0,8,10,9,11,C,C,1,1,True,True,1,3,False,C-C,copy_i.site_b--copy_i+1.site_a,single,I,CCCCCCc1cc(I)oc1I,CCCCCCc1c[cH:1]o[cH:2]1,[CH3:1][CH2:2][CH2:3][CH2:4][CH2:5][CH2:6][c:7]1[cH:8][cH:9][o:10][cH:11]1,6,1,5,True,11,C10H16O,CCCCCCc1coc(-c2occc2CCCCCC)c1,22,C20H30O2,true,10,19,C20H32O2+2,2,1,neutral n=2 backbone at frozen link; add one H to each junction atom; target-medium GFN2/ddCOSMO preopt,frozen explicit n=6 hexamer,approved,52c9e600a429b088ae9f81a8d241532efb2af0522411445e5556a13b4f96ddf2
M042,D042_QP2_M1,RXN_SIG_M042,3-Octylfuran,Furans,CCCCCCCCc1ccoc1,CCCCCCCCc1coc(-c2oc(-c3oc(-c4oc(-c5oc(-c6occc6CCCCCCCC)cc5CCCCCCCC)cc4CCCCCCCC)cc3CCCCCCCC)cc2CCCCCCCC)c1,0,10,12,11,13,C,C,1,1,True,True,1,3,False,C-C,copy_i.site_b--copy_i+1.site_a,single,I,CCCCCCCCc1cc(I)oc1I,CCCCCCCCc1c[cH:1]o[cH:2]1,[CH3:1][CH2:2][CH2:3][CH2:4][CH2:5][CH2:6][CH2:7][CH2:8][c:9]1[cH:10][cH:11][o:12][cH:13]1,6,1,5,True,13,C12H20O,CCCCCCCCc1coc(-c2occc2CCCCCCCC)c1,26,C24H38O2,true,12,23,C24H40O2+2,2,1,neutral n=2 backbone at frozen link; add one H to each junction atom; target-medium GFN2/ddCOSMO preopt,frozen explicit n=6 hexamer,approved,a602817300d5bd6ec01ca4ddb0a4ddf21f46a2f46b4592b00211fd435cd3f72f
M043,D043_QP2_M1,RXN_SIG_M043,3-Methoxyfuran,Furans,COc1ccoc1,COc1coc(-c2oc(-c3oc(-c4oc(-c5oc(-c6occc6OC)cc5OC)cc4OC)cc3OC)cc2OC)c1,0,4,6,5,7,C,C,1,1,True,True,1,3,False,C-C,copy_i.site_b--copy_i+1.site_a,single,I,COc1cc(I)oc1I,COc1c[cH:1]o[cH:2]1,[CH3:1][O:2][c:3]1[cH:4][cH:5][o:6][cH:7]1,6,1,5,True,7,C5H6O2,COc1coc(-c2occc2OC)c1,14,C10H10O4,true,6,11,C10H12O4+2,2,1,neutral n=2 backbone at frozen link; add one H to each junction atom; target-medium GFN2/ddCOSMO preopt,frozen explicit n=6 hexamer,approved,9114b339565cdff56c22ad2c084ff137dec7ff907f95ba7df81afd6135bc58af
M044,D044_QP2_M1,RXN_SIG_M044,3-Fluorofuran,Furans,Fc1ccoc1,Fc1coc(-c2oc(-c3oc(-c4oc(-c5oc(-c6occc6F)cc5F)cc4F)cc3F)cc2F)c1,0,3,5,4,6,C,C,1,1,True,True,1,3,False,C-C,copy_i.site_b--copy_i+1.site_a,single,I,Fc1cc(I)oc1I,Fc1c[cH:1]o[cH:2]1,[F:1][c:2]1[cH:3][cH:4][o:5][cH:6]1,6,1,5,True,6,C4H3FO,Fc1coc(-c2occc2F)c1,12,C8H4F2O2,true,5,9,C8H6F2O2+2,2,1,neutral n=2 backbone at frozen link; add one H to each junction atom; target-medium GFN2/ddCOSMO preopt,frozen explicit n=6 hexamer,approved,24c4d11f331331b11557f4109d2aba3124907e71cac1bd5e16ef8ee359449839
M045,D045_QP2_M1,RXN_SIG_M045,"3,4-Dimethylfuran",Furans,Cc1cocc1C,Cc1coc(-c2oc(-c3oc(-c4oc(-c5oc(-c6occ(C)c6C)c(C)c5C)c(C)c4C)c(C)c3C)c(C)c2C)c1C,0,2,4,3,5,C,C,1,1,True,True,2,2,True,C-C,copy_i.site_b--copy_i+1.site_a,single,I,Cc1c(I)oc(I)c1C,Cc1[cH:1]o[cH:2]c1C,[CH3:1][c:2]1[cH:3][o:4][cH:5][c:6]1[CH3:7],6,1,5,True,7,C6H8O,Cc1coc(-c2occ(C)c2C)c1C,14,C12H14O2,true,4,9,C12H16O2+2,2,1,neutral n=2 backbone at frozen link; add one H to each junction atom; target-medium GFN2/ddCOSMO preopt,frozen explicit n=6 hexamer,approved,ca30666f8320228bd3f83a99006bd30fcb40007a16ef3e07acaa06f36398af39
M046,D046_QP2_M1,RXN_SIG_M046,"3,4-Difluorofuran",Furans,Fc1cocc1F,Fc1coc(-c2oc(-c3oc(-c4oc(-c5oc(-c6occ(F)c6F)c(F)c5F)c(F)c4F)c(F)c3F)c(F)c2F)c1F,0,2,4,3,5,C,C,1,1,True,True,2,2,True,C-C,copy_i.site_b--copy_i+1.site_a,single,I,Fc1c(I)oc(I)c1F,Fc1[cH:1]o[cH:2]c1F,[F:1][c:2]1[cH:3][o:4][cH:5][c:6]1[F:7],6,1,5,True,7,C4H2F2O,Fc1coc(-c2occ(F)c2F)c1F,14,C8H2F4O2,true,4,9,C8H4F4O2+2,2,1,neutral n=2 backbone at frozen link; add one H to each junction atom; target-medium GFN2/ddCOSMO preopt,frozen explicit n=6 hexamer,approved,cf72cf0bf6c3002f64a2f3d36d28feb7fbe04439cb44099429eb75337249252d
M047,D047_QP2_M1,RXN_SIG_M047,"3,4-Dimethoxyfuran",Furans,COc1cocc1OC,COc1coc(-c2oc(-c3oc(-c4oc(-c5oc(-c6occ(OC)c6OC)c(OC)c5OC)c(OC)c4OC)c(OC)c3OC)c(OC)c2OC)c1OC,0,3,5,4,6,C,C,1,1,True,True,2,2,True,C-C,copy_i.site_b--copy_i+1.site_a,single,I,COc1c(I)oc(I)c1OC,COc1[cH:1]o[cH:2]c1OC,[CH3:1][O:2][c:3]1[cH:4][o:5][cH:6][c:7]1[O:8][CH3:9],6,1,5,True,9,C6H8O3,COc1coc(-c2occ(OC)c2OC)c1OC,18,C12H14O6,true,5,12,C12H16O6+2,2,1,neutral n=2 backbone at frozen link; add one H to each junction atom; target-medium GFN2/ddCOSMO preopt,frozen explicit n=6 hexamer,approved,12b29c9b0392d8cd66b12d72961a71d3f448771ea1c3a0300cf7a5ec57bd5f9b
M048,D048_QP2_M1,RXN_SIG_M048,"2,2′-Bifuran",Furans,c1coc(-c2ccco2)c1,c1coc(-c2ccc(-c3ccc(-c4ccc(-c5ccc(-c6ccc(-c7ccc(-c8ccc(-c9ccc(-c%10ccc(-c%11ccc(-c%12ccco%12)o%11)o%10)o9)o8)o7)o6)o5)o4)o3)o2)c1,0,1,7,2,8,C,C,1,1,True,True,2,2,True,C-C,copy_i.site_b--copy_i+1.site_a,single,I,Ic1ccc(-c2ccc(I)o2)o1,c1[cH:1]oc(-c2cc[cH:2]o2)c1,[cH:1]1[cH:2][o:3][c:4](-[c:5]2[cH:6][cH:7][cH:8][o:9]2)[cH:10]1,11,1,5,True,10,C8H6O2,c1coc(-c2ccc(-c3ccc(-c4ccco4)o3)o2)c1,20,C16H10O4,true,7,11,C16H12O4+2,2,1,neutral n=2 backbone at frozen link; add one H to each junction atom; target-medium GFN2/ddCOSMO preopt,frozen explicit n=6 hexamer,approved,011aa4f3c2b27a0c8b307a0916c2470578597959c19f000dc75b819cc191b88a
M049,D049_QP2_M1,RXN_SIG_M049,"2,2′:5′,2″-Terfuran",Furans,c1coc(-c2ccc(-c3ccco3)o2)c1,c1coc(-c2ccc(-c3ccc(-c4ccc(-c5ccc(-c6ccc(-c7ccc(-c8ccc(-c9ccc(-c%10ccc(-c%11ccc(-c%12ccc(-c%13ccc(-c%14ccc(-c%15ccc(-c%16ccc(-c%17ccc(-c%18ccco%18)o%17)o%16)o%15)o%14)o%13)o%12)o%11)o%10)o9)o8)o7)o6)o5)o4)o3)o2)c1,0,1,11,2,12,C,C,1,1,True,True,2,2,True,C-C,copy_i.site_b--copy_i+1.site_a,single,I,Ic1ccc(-c2ccc(-c3ccc(I)o3)o2)o1,c1[cH:1]oc(-c2ccc(-c3cc[cH:2]o3)o2)c1,[cH:1]1[cH:2][o:3][c:4](-[c:5]2[cH:6][cH:7][c:8](-[c:9]3[cH:10][cH:11][cH:12][o:13]3)[o:14]2)[cH:15]1,16,1,5,True,15,C12H8O3,c1coc(-c2ccc(-c3ccc(-c4ccc(-c5ccc(-c6ccco6)o5)o4)o3)o2)c1,30,C24H14O6,true,11,16,C24H16O6+2,2,1,neutral n=2 backbone at frozen link; add one H to each junction atom; target-medium GFN2/ddCOSMO preopt,frozen explicit n=6 hexamer,approved,08a4a1c0a48fb00656f6ca0cccdc8e2350e19cd5ea13eed620185ff68379e9db
M050,D050_QP2_M1,RXN_SIG_M050,Selenophene,Selenophenes,c1cc[se]c1,c1c[se]c(-c2ccc(-c3ccc(-c4ccc(-c5ccc(-c6ccc[se]6)[se]5)[se]4)[se]3)[se]2)c1,0,2,4,3,5,C,C,1,1,True,True,2,2,True,C-C,copy_i.site_b--copy_i+1.site_a,single,I,Ic1ccc(I)[se]1,c1c[cH:1][se][cH:2]1,[cH:1]1[cH:2][cH:3][se:4][cH:5]1,6,1,5,True,5,C4H4Se,c1c[se]c(-c2ccc[se]2)c1,10,C8H6Se2,true,4,7,C8H8Se2+2,2,1,neutral n=2 backbone at frozen link; add one H to each junction atom; target-medium GFN2/ddCOSMO preopt,frozen explicit n=6 hexamer,approved,a4c1d521366c9792b54f0052462489c4d6e7899818a4684101fea9ad47cc16d3
M051,D051_QP2_M1,RXN_SIG_M051,3-Methylselenophene,Selenophenes,Cc1cc[se]c1,Cc1c[se]c(-c2[se]c(-c3[se]c(-c4[se]c(-c5[se]c(-c6[se]ccc6C)cc5C)cc4C)cc3C)cc2C)c1,0,3,5,4,6,C,C,1,1,True,True,1,3,False,C-C,copy_i.site_b--copy_i+1.site_a,single,I,Cc1cc(I)[se]c1I,Cc1c[cH:1][se][cH:2]1,[CH3:1][c:2]1[cH:3][cH:4][se:5][cH:6]1,6,1,5,True,6,C5H6Se,Cc1c[se]c(-c2[se]ccc2C)c1,12,C10H10Se2,true,5,9,C10H12Se2+2,2,1,neutral n=2 backbone at frozen link; add one H to each junction atom; target-medium GFN2/ddCOSMO preopt,frozen explicit n=6 hexamer,approved,683d7a869ff941d089e75abcea2654284a40e5e9eb5c03a002fcb51dbc47acfb
M052,D052_QP2_M1,RXN_SIG_M052,3-Ethylselenophene,Selenophenes,CCc1cc[se]c1,CCc1c[se]c(-c2[se]c(-c3[se]c(-c4[se]c(-c5[se]c(-c6[se]ccc6CC)cc5CC)cc4CC)cc3CC)cc2CC)c1,0,4,6,5,7,C,C,1,1,True,True,1,3,False,C-C,copy_i.site_b--copy_i+1.site_a,single,I,CCc1cc(I)[se]c1I,CCc1c[cH:1][se][cH:2]1,[CH3:1][CH2:2][c:3]1[cH:4][cH:5][se:6][cH:7]1,6,1,5,True,7,C6H8Se,CCc1c[se]c(-c2[se]ccc2CC)c1,14,C12H14Se2,true,6,11,C12H16Se2+2,2,1,neutral n=2 backbone at frozen link; add one H to each junction atom; target-medium GFN2/ddCOSMO preopt,frozen explicit n=6 hexamer,approved,aa0e3e70bac4bd6577ae889f20764893829540e380e3c6449e9d632c1747d51e
M053,D053_QP2_M1,RXN_SIG_M053,3-Butylselenophene,Selenophenes,CCCCc1cc[se]c1,CCCCc1c[se]c(-c2[se]c(-c3[se]c(-c4[se]c(-c5[se]c(-c6[se]ccc6CCCC)cc5CCCC)cc4CCCC)cc3CCCC)cc2CCCC)c1,0,6,8,7,9,C,C,1,1,True,True,1,3,False,C-C,copy_i.site_b--copy_i+1.site_a,single,I,CCCCc1cc(I)[se]c1I,CCCCc1c[cH:1][se][cH:2]1,[CH3:1][CH2:2][CH2:3][CH2:4][c:5]1[cH:6][cH:7][se:8][cH:9]1,6,1,5,True,9,C8H12Se,CCCCc1c[se]c(-c2[se]ccc2CCCC)c1,18,C16H22Se2,true,8,15,C16H24Se2+2,2,1,neutral n=2 backbone at frozen link; add one H to each junction atom; target-medium GFN2/ddCOSMO preopt,frozen explicit n=6 hexamer,approved,e4f68b4144aa353b1a2ddcaad2448eebab039a8537c7b21669b7fe55737bdf8f
M054,D054_QP2_M1,RXN_SIG_M054,3-Hexylselenophene,Selenophenes,CCCCCCc1cc[se]c1,CCCCCCc1c[se]c(-c2[se]c(-c3[se]c(-c4[se]c(-c5[se]c(-c6[se]ccc6CCCCCC)cc5CCCCCC)cc4CCCCCC)cc3CCCCCC)cc2CCCCCC)c1,0,8,10,9,11,C,C,1,1,True,True,1,3,False,C-C,copy_i.site_b--copy_i+1.site_a,single,I,CCCCCCc1cc(I)[se]c1I,CCCCCCc1c[cH:1][se][cH:2]1,[CH3:1][CH2:2][CH2:3][CH2:4][CH2:5][CH2:6][c:7]1[cH:8][cH:9][se:10][cH:11]1,6,1,5,True,11,C10H16Se,CCCCCCc1c[se]c(-c2[se]ccc2CCCCCC)c1,22,C20H30Se2,true,10,19,C20H32Se2+2,2,1,neutral n=2 backbone at frozen link; add one H to each junction atom; target-medium GFN2/ddCOSMO preopt,frozen explicit n=6 hexamer,approved,fce54cc3e39701bfce7d4ce1a18cc3e82a18bcefa51f6df8b73672d9b5aced9c
M055,D055_QP2_M1,RXN_SIG_M055,3-Octylselenophene,Selenophenes,CCCCCCCCc1cc[se]c1,CCCCCCCCc1c[se]c(-c2[se]c(-c3[se]c(-c4[se]c(-c5[se]c(-c6[se]ccc6CCCCCCCC)cc5CCCCCCCC)cc4CCCCCCCC)cc3CCCCCCCC)cc2CCCCCCCC)c1,0,10,12,11,13,C,C,1,1,True,True,1,3,False,C-C,copy_i.site_b--copy_i+1.site_a,single,I,CCCCCCCCc1cc(I)[se]c1I,CCCCCCCCc1c[cH:1][se][cH:2]1,[CH3:1][CH2:2][CH2:3][CH2:4][CH2:5][CH2:6][CH2:7][CH2:8][c:9]1[cH:10][cH:11][se:12][cH:13]1,6,1,5,True,13,C12H20Se,CCCCCCCCc1c[se]c(-c2[se]ccc2CCCCCCCC)c1,26,C24H38Se2,true,12,23,C24H40Se2+2,2,1,neutral n=2 backbone at frozen link; add one H to each junction atom; target-medium GFN2/ddCOSMO preopt,frozen explicit n=6 hexamer,approved,188d9ea437890bd8e1fa2c252ce15f5c217cd8d55586f4f3f5ff6fc6ebf2c750
M056,D056_QP2_M1,RXN_SIG_M056,3-Fluoroselenophene,Selenophenes,Fc1cc[se]c1,Fc1c[se]c(-c2[se]c(-c3[se]c(-c4[se]c(-c5[se]c(-c6[se]ccc6F)cc5F)cc4F)cc3F)cc2F)c1,0,3,5,4,6,C,C,1,1,True,True,1,3,False,C-C,copy_i.site_b--copy_i+1.site_a,single,I,Fc1cc(I)[se]c1I,Fc1c[cH:1][se][cH:2]1,[F:1][c:2]1[cH:3][cH:4][se:5][cH:6]1,6,1,5,True,6,C4H3FSe,Fc1c[se]c(-c2[se]ccc2F)c1,12,C8H4F2Se2,true,5,9,C8H6F2Se2+2,2,1,neutral n=2 backbone at frozen link; add one H to each junction atom; target-medium GFN2/ddCOSMO preopt,frozen explicit n=6 hexamer,approved,75c0ef7016fe6523f78fa841d4e78c381c57c0801616e9bde03e9473977e4edb
M057,D057_QP2_M1,RXN_SIG_M057,"3,4-Dimethylselenophene",Selenophenes,Cc1c[se]cc1C,Cc1c[se]c(-c2[se]c(-c3[se]c(-c4[se]c(-c5[se]c(-c6[se]cc(C)c6C)c(C)c5C)c(C)c4C)c(C)c3C)c(C)c2C)c1C,0,2,4,3,5,C,C,1,1,True,True,2,2,True,C-C,copy_i.site_b--copy_i+1.site_a,single,I,Cc1c(I)[se]c(I)c1C,Cc1[cH:1][se][cH:2]c1C,[CH3:1][c:2]1[cH:3][se:4][cH:5][c:6]1[CH3:7],6,1,5,True,7,C6H8Se,Cc1c[se]c(-c2[se]cc(C)c2C)c1C,14,C12H14Se2,true,4,9,C12H16Se2+2,2,1,neutral n=2 backbone at frozen link; add one H to each junction atom; target-medium GFN2/ddCOSMO preopt,frozen explicit n=6 hexamer,approved,c2d4eb40bf175aedcefb3a76632f5cb1a1122e7f568c662a86303cfbf1edbd64
M058,D058_QP2_M1,RXN_SIG_M058,"3,4-Ethylenedioxyselenophene (EDOS)",Selenophenes,c1[se]cc2c1OCCO2,c1[se]c(-c2[se]c(-c3[se]c(-c4[se]c(-c5[se]c(-c6[se]cc7c6OCCO7)c6c5OCCO6)c5c4OCCO5)c4c3OCCO4)c3c2OCCO3)c2c1OCCO2,0,0,2,1,3,C,C,1,1,True,True,0,0,True,C-C,copy_i.site_b--copy_i+1.site_a,single,I,Ic1[se]c(I)c2c1OCCO2,[cH:1]1[se][cH:2]c2c1OCCO2,[cH:1]1[se:2][cH:3][c:4]2[c:5]1[O:6][CH2:7][CH2:8][O:9]2,6,1,5,True,9,C6H6O2Se,c1[se]c(-c2[se]cc3c2OCCO3)c2c1OCCO2,18,C12H10O4Se2,true,2,9,C12H12O4Se2+2,2,1,neutral n=2 backbone at frozen link; add one H to each junction atom; target-medium GFN2/ddCOSMO preopt,frozen explicit n=6 hexamer,approved,f3ef7e794c2d41d25cc837dd78ea77e33f2c66d480ea52c053d0438eab7c678c
M059,D059_QP2_M1,RXN_SIG_M059,"3,4-Propylenedioxyselenophene (ProDOS)",Selenophenes,c1[se]cc2c1OCCCO2,c1[se]c(-c2[se]c(-c3[se]c(-c4[se]c(-c5[se]c(-c6[se]cc7c6OCCCO7)c6c5OCCCO6)c5c4OCCCO5)c4c3OCCCO4)c3c2OCCCO3)c2c1OCCCO2,0,0,2,1,3,C,C,1,1,True,True,0,0,True,C-C,copy_i.site_b--copy_i+1.site_a,single,I,Ic1[se]c(I)c2c1OCCCO2,[cH:1]1[se][cH:2]c2c1OCCCO2,[cH:1]1[se:2][cH:3][c:4]2[c:5]1[O:6][CH2:7][CH2:8][CH2:9][O:10]2,6,1,5,True,10,C7H8O2Se,c1[se]c(-c2[se]cc3c2OCCCO3)c2c1OCCCO2,20,C14H14O4Se2,true,2,10,C14H16O4Se2+2,2,1,neutral n=2 backbone at frozen link; add one H to each junction atom; target-medium GFN2/ddCOSMO preopt,frozen explicit n=6 hexamer,approved,c752c8fdb9ec6fb6d6ecc280d4bdfc18332e16e7927e22e851dcca4d0bf4313d
M060,D060_QP2_M1,RXN_SIG_M060,Aniline,Anilines,Nc1ccccc1,Nc1ccc(Nc2ccc(Nc3ccc(Nc4ccc(Nc5ccc(Nc6ccccc6)cc5)cc4)cc3)cc2)cc1,0,0,4,1,5,N,C,2,1,False,True,0,1,False,C-N,copy_i.site_b--copy_i+1.site_a,single,I,INc1ccc(I)cc1,[NH2:1]c1cc[cH:2]cc1,[NH2:1][c:2]1[cH:3][cH:4][cH:5][cH:6][cH:7]1,11,1,5,True,7,C6H7N,Nc1ccc(Nc2ccccc2)cc1,14,C12H12N2,true,4,7,C12H14N2+2,2,1,neutral n=2 backbone at frozen link; add one H to each junction atom; target-medium GFN2/ddCOSMO preopt,frozen explicit n=6 hexamer,approved,8b1e52da2d2fedb85a2ccac20f72823b29fc2c6a0ceb51e06ad8168f45a354b3
M061,D061_QP2_M1,RXN_SIG_M061,2-Methylaniline (o-toluidine),Anilines,Cc1ccccc1N,Cc1cc(Nc2ccc(Nc3ccc(Nc4ccc(Nc5ccc(Nc6ccccc6C)cc5C)cc4C)cc3C)cc2C)ccc1N,0,3,7,4,8,C,N,1,2,True,False,2,1,False,C-N,copy_i.site_b--copy_i+1.site_a,single,I,Cc1cc(I)ccc1NI,Cc1c[cH:1]ccc1[NH2:2],[CH3:1][c:2]1[cH:3][cH:4][cH:5][cH:6][c:7]1[NH2:8],6,1,5,True,8,C7H9N,Cc1cc(Nc2ccccc2C)ccc1N,16,C14H16N2,true,7,11,C14H18N2+2,2,1,neutral n=2 backbone at frozen link; add one H to each junction atom; target-medium GFN2/ddCOSMO preopt,frozen explicit n=6 hexamer,approved,1261ed5d2f0d680ca0236a0abccef2ed0eaaa90b3a89145a77e804da289b7429
M062,D062_QP2_M1,RXN_SIG_M062,3-Methylaniline (m-toluidine),Anilines,Cc1cccc(N)c1,Cc1cccc(Nc2ccc(Nc3ccc(Nc4ccc(Nc5ccc(Nc6ccc(N)cc6C)cc5C)cc4C)cc3C)cc2C)c1,0,2,6,3,7,C,N,1,2,True,False,3,1,False,C-N,copy_i.site_b--copy_i+1.site_a,single,I,Cc1cc(NI)ccc1I,Cc1[cH:1]ccc([NH2:2])c1,[CH3:1][c:2]1[cH:3][cH:4][cH:5][c:6]([NH2:7])[cH:8]1,6,1,5,True,8,C7H9N,Cc1cccc(Nc2ccc(N)cc2C)c1,16,C14H16N2,true,6,10,C14H18N2+2,2,1,neutral n=2 backbone at frozen link; add one H to each junction atom; target-medium GFN2/ddCOSMO preopt,frozen explicit n=6 hexamer,approved,52b016af59a719fa88a4458a63344ff0b24348f92cfead64a95c6a99d0a72803
M063,D063_QP2_M1,RXN_SIG_M063,2-Methoxyaniline (o-anisidine),Anilines,COc1ccccc1N,COc1cc(Nc2ccc(Nc3ccc(Nc4ccc(Nc5ccc(Nc6ccccc6OC)cc5OC)cc4OC)cc3OC)cc2OC)ccc1N,0,4,8,5,9,C,N,1,2,True,False,3,1,False,C-N,copy_i.site_b--copy_i+1.site_a,single,I,COc1cc(I)ccc1NI,COc1c[cH:1]ccc1[NH2:2],[CH3:1][O:2][c:3]1[cH:4][cH:5][cH:6][cH:7][c:8]1[NH2:9],6,1,5,True,9,C7H9NO,COc1cc(Nc2ccccc2OC)ccc1N,18,C14H16N2O2,true,8,13,C14H18N2O2+2,2,1,neutral n=2 backbone at frozen link; add one H to each junction atom; target-medium GFN2/ddCOSMO preopt,frozen explicit n=6 hexamer,approved,fc29acc4d4abdc895e246b6ebbdf9184a4c9704f463bdb81e8dff323611b1935
M064,D064_QP2_M1,RXN_SIG_M064,3-Methoxyaniline (m-anisidine),Anilines,COc1cccc(N)c1,COc1cccc(Nc2ccc(Nc3ccc(Nc4ccc(Nc5ccc(Nc6ccc(N)cc6OC)cc5OC)cc4OC)cc3OC)cc2OC)c1,0,3,7,4,8,C,N,1,2,True,False,4,1,False,C-N,copy_i.site_b--copy_i+1.site_a,single,I,COc1cc(NI)ccc1I,COc1[cH:1]ccc([NH2:2])c1,[CH3:1][O:2][c:3]1[cH:4][cH:5][cH:6][c:7]([NH2:8])[cH:9]1,6,1,5,True,9,C7H9NO,COc1cccc(Nc2ccc(N)cc2OC)c1,18,C14H16N2O2,true,7,12,C14H18N2O2+2,2,1,neutral n=2 backbone at frozen link; add one H to each junction atom; target-medium GFN2/ddCOSMO preopt,frozen explicit n=6 hexamer,approved,bb0db8c4f5c398bf472155dc5ba965a6d3d95c928844e28a77156ba4405a98ab
M065,D065_QP2_M1,RXN_SIG_M065,2-Aminophenol (o-aminophenol),Anilines,Nc1ccccc1O,Nc1ccc(Nc2ccc(Nc3ccc(Nc4ccc(Nc5ccc(Nc6ccccc6O)cc5O)cc4O)cc3O)cc2O)cc1O,0,0,4,1,5,N,C,2,1,False,True,0,3,False,C-N,copy_i.site_b--copy_i+1.site_a,single,I,Oc1cc(I)ccc1NI,[NH2:1]c1cc[cH:2]cc1O,[NH2:1][c:2]1[cH:3][cH:4][cH:5][cH:6][c:7]1[OH:8],6,1,5,True,8,C6H7NO,Nc1ccc(Nc2ccccc2O)cc1O,16,C12H12N2O2,true,4,8,C12H14N2O2+2,2,1,neutral n=2 backbone at frozen link; add one H to each junction atom; target-medium GFN2/ddCOSMO preopt,frozen explicit n=6 hexamer,approved,5074b92a9c401cc5b6f17ea2282ee1a0824e382a0df8f25a72aaae684eb25774
M066,D066_QP2_M1,RXN_SIG_M066,3-Aminophenol (m-aminophenol),Anilines,Nc1cccc(O)c1,Nc1ccc(Nc2ccc(Nc3ccc(Nc4ccc(Nc5ccc(Nc6cccc(O)c6)c(O)c5)c(O)c4)c(O)c3)c(O)c2)c(O)c1,0,0,4,1,5,N,C,2,1,False,True,0,4,False,C-N,copy_i.site_b--copy_i+1.site_a,single,I,Oc1cc(NI)ccc1I,[NH2:1]c1cc[cH:2]c(O)c1,[NH2:1][c:2]1[cH:3][cH:4][cH:5][c:6]([OH:7])[cH:8]1,6,1,5,True,8,C6H7NO,Nc1ccc(Nc2cccc(O)c2)c(O)c1,16,C12H12N2O2,true,4,8,C12H14N2O2+2,2,1,neutral n=2 backbone at frozen link; add one H to each junction atom; target-medium GFN2/ddCOSMO preopt,frozen explicit n=6 hexamer,approved,f00a94e8351fea1255296eb83793917c68ce3fa253ed546afdf1dcc344f28469
M067,D067_QP2_M1,RXN_SIG_M067,2-Fluoroaniline,Anilines,Nc1ccccc1F,Nc1ccc(Nc2ccc(Nc3ccc(Nc4ccc(Nc5ccc(Nc6ccccc6F)cc5F)cc4F)cc3F)cc2F)cc1F,0,0,4,1,5,N,C,2,1,False,True,0,3,False,C-N,copy_i.site_b--copy_i+1.site_a,single,I,Fc1cc(I)ccc1NI,[NH2:1]c1cc[cH:2]cc1F,[NH2:1][c:2]1[cH:3][cH:4][cH:5][cH:6][c:7]1[F:8],6,1,5,True,8,C6H6FN,Nc1ccc(Nc2ccccc2F)cc1F,16,C12H10F2N2,true,4,8,C12H12F2N2+2,2,1,neutral n=2 backbone at frozen link; add one H to each junction atom; target-medium GFN2/ddCOSMO preopt,frozen explicit n=6 hexamer,approved,fa092e573d5c0f58fb221abdc0f69d655f3d94ac94b9cbb90d645be0da539aed
M068,D068_QP2_M1,RXN_SIG_M068,"2,6-Dimethylaniline",Anilines,Cc1cccc(C)c1N,Cc1cc(Nc2c(C)cc(Nc3c(C)cc(Nc4c(C)cc(Nc5c(C)cc(Nc6c(C)cccc6C)cc5C)cc4C)cc3C)cc2C)cc(C)c1N,0,3,8,4,9,C,N,1,2,True,False,3,2,False,C-N,copy_i.site_b--copy_i+1.site_a,single,I,Cc1cc(I)cc(C)c1NI,Cc1c[cH:1]cc(C)c1[NH2:2],[CH3:1][c:2]1[cH:3][cH:4][cH:5][c:6]([CH3:7])[c:8]1[NH2:9],6,1,5,True,9,C8H11N,Cc1cc(Nc2c(C)cccc2C)cc(C)c1N,18,C16H20N2,true,8,12,C16H22N2+2,2,1,neutral n=2 backbone at frozen link; add one H to each junction atom; target-medium GFN2/ddCOSMO preopt,frozen explicit n=6 hexamer,approved,89b7b6c388b1c2469bc65dd09794d30476d10792d0e8c184de628e83f0da118c
M069,D069_QP2_M1,RXN_SIG_M069,Diphenylamine,Anilines,c1ccc(Nc2ccccc2)cc1,c1ccc(Nc2ccc(-c3ccc(Nc4ccc(-c5ccc(Nc6ccc(-c7ccc(Nc8ccc(-c9ccc(Nc%10ccc(-c%11ccc(Nc%12ccccc%12)cc%11)cc%10)cc9)cc8)cc7)cc6)cc5)cc4)cc3)cc2)cc1,0,0,8,1,9,C,C,1,1,True,True,0,0,True,C-C,copy_i.site_b--copy_i+1.site_a,single,I,Ic1ccc(Nc2ccc(I)cc2)cc1,[cH:1]1ccc(Nc2cc[cH:2]cc2)cc1,[cH:1]1[cH:2][cH:3][c:4]([NH:5][c:6]2[cH:7][cH:8][cH:9][cH:10][cH:11]2)[cH:12][cH:13]1,6,1,5,True,13,C12H11N,c1ccc(Nc2ccc(-c3ccc(Nc4ccccc4)cc3)cc2)cc1,26,C24H20N2,true,8,13,C24H22N2+2,2,1,neutral n=2 backbone at frozen link; add one H to each junction atom; target-medium GFN2/ddCOSMO preopt,frozen explicit n=6 hexamer,approved,338f4a0b00804b9a6d3d86860b50e16aeb1cf3eb73a1ae7c1fae968fbd59979d
M070,D070_QP2_M1,RXN_SIG_M070,Carbazole,Carbazoles,c1ccc2c(c1)[nH]c1ccccc12,c1ccc2c(c1)[nH]c1ccc(-c3ccc4[nH]c5ccc(-c6ccc7[nH]c8ccc(-c9ccc%10[nH]c%11ccc(-c%12ccc%13[nH]c%14ccc(-c%15ccc%16[nH]c%17ccccc%17c%16c%15)cc%14c%13c%12)cc%11c%10c9)cc8c7c6)cc5c4c3)cc12,0,1,10,2,11,C,C,1,1,True,True,2,2,True,C-C,copy_i.site_b--copy_i+1.site_a,single,I,Ic1ccc2[nH]c3ccc(I)cc3c2c1,c1[cH:1]cc2c(c1)[nH]c1cc[cH:2]cc21,[cH:1]1[cH:2][cH:3][c:4]2[c:5]([cH:6]1)[nH:7][c:8]1[cH:9][cH:10][cH:11][cH:12][c:13]21,6,1,5,True,13,C12H9N,c1ccc2c(c1)[nH]c1ccc(-c3ccc4[nH]c5ccccc5c4c3)cc12,26,C24H16N2,true,10,14,C24H18N2+2,2,1,neutral n=2 backbone at frozen link; add one H to each junction atom; target-medium GFN2/ddCOSMO preopt,frozen explicit n=6 hexamer,approved,18d8eb7b251ab0f684b549fb761f406994406f6d655fa525d12c5f8067d985fc
M071,D071_QP2_M1,RXN_SIG_M071,N-Methylcarbazole,Carbazoles,Cn1c2ccccc2c2ccccc21,Cn1c2ccccc2c2cc(-c3ccc4c(c3)c3cc(-c5ccc6c(c5)c5cc(-c7ccc8c(c7)c7cc(-c9ccc%10c(c9)c9cc(-c%11ccc%12c(c%11)c%11ccccc%11n%12C)ccc9n%10C)ccc7n8C)ccc5n6C)ccc3n4C)ccc21,0,5,10,6,11,C,C,1,1,True,True,1,1,True,C-C,copy_i.site_b--copy_i+1.site_a,single,I,Cn1c2ccc(I)cc2c2cc(I)ccc21,Cn1c2cc[cH:1]cc2c2c[cH:2]ccc12,[CH3:1][n:2]1[c:3]2[cH:4][cH:5][cH:6][cH:7][c:8]2[c:9]2[cH:10][cH:11][cH:12][cH:13][c:14]12,6,1,5,True,14,C13H11N,Cn1c2ccccc2c2cc(-c3ccc4c(c3)c3ccccc3n4C)ccc21,28,C26H20N2,true,10,19,C26H22N2+2,2,1,neutral n=2 backbone at frozen link; add one H to each junction atom; target-medium GFN2/ddCOSMO preopt,frozen explicit n=6 hexamer,approved,a8b61bd37707d6dfb6af5c36ac421f16d22a7d3974b4dd98d8d9b58a6ff2ead5
M072,D072_QP2_M1,RXN_SIG_M072,N-Ethylcarbazole,Carbazoles,CCn1c2ccccc2c2ccccc21,CCn1c2ccccc2c2cc(-c3ccc4c(c3)c3cc(-c5ccc6c(c5)c5cc(-c7ccc8c(c7)c7cc(-c9ccc%10c(c9)c9cc(-c%11ccc%12c(c%11)c%11ccccc%11n%12CC)ccc9n%10CC)ccc7n8CC)ccc5n6CC)ccc3n4CC)ccc21,0,6,11,7,12,C,C,1,1,True,True,1,1,True,C-C,copy_i.site_b--copy_i+1.site_a,single,I,CCn1c2ccc(I)cc2c2cc(I)ccc21,CCn1c2cc[cH:1]cc2c2c[cH:2]ccc12,[CH3:1][CH2:2][n:3]1[c:4]2[cH:5][cH:6][cH:7][cH:8][c:9]2[c:10]2[cH:11][cH:12][cH:13][cH:14][c:15]12,6,1,5,True,15,C14H13N,CCn1c2ccccc2c2cc(-c3ccc4c(c3)c3ccccc3n4CC)ccc21,30,C28H24N2,true,11,21,C28H26N2+2,2,1,neutral n=2 backbone at frozen link; add one H to each junction atom; target-medium GFN2/ddCOSMO preopt,frozen explicit n=6 hexamer,approved,2b50088830a541e45b3ad908f28a935a28cdb77ca8d07cbd50194ff0b2106023
M073,D073_QP2_M1,RXN_SIG_M073,N-Hexylcarbazole,Carbazoles,CCCCCCn1c2ccccc2c2ccccc21,CCCCCCn1c2ccccc2c2cc(-c3ccc4c(c3)c3cc(-c5ccc6c(c5)c5cc(-c7ccc8c(c7)c7cc(-c9ccc%10c(c9)c9cc(-c%11ccc%12c(c%11)c%11ccccc%11n%12CCCCCC)ccc9n%10CCCCCC)ccc7n8CCCCCC)ccc5n6CCCCCC)ccc3n4CCCCCC)ccc21,0,10,15,11,16,C,C,1,1,True,True,1,1,True,C-C,copy_i.site_b--copy_i+1.site_a,single,I,CCCCCCn1c2ccc(I)cc2c2cc(I)ccc21,CCCCCCn1c2cc[cH:1]cc2c2c[cH:2]ccc12,[CH3:1][CH2:2][CH2:3][CH2:4][CH2:5][CH2:6][n:7]1[c:8]2[cH:9][cH:10][cH:11][cH:12][c:13]2[c:14]2[cH:15][cH:16][cH:17][cH:18][c:19]12,6,1,5,True,19,C18H21N,CCCCCCn1c2ccccc2c2cc(-c3ccc4c(c3)c3ccccc3n4CCCCCC)ccc21,38,C36H40N2,true,15,29,C36H42N2+2,2,1,neutral n=2 backbone at frozen link; add one H to each junction atom; target-medium GFN2/ddCOSMO preopt,frozen explicit n=6 hexamer,approved,93d78cb7b3fca1750ee0ca370249b882bab054be8988f2860d392c1a6a89d6e4
M074,D074_QP2_M1,RXN_SIG_M074,N-Octylcarbazole,Carbazoles,CCCCCCCCn1c2ccccc2c2ccccc21,CCCCCCCCn1c2ccccc2c2cc(-c3ccc4c(c3)c3cc(-c5ccc6c(c5)c5cc(-c7ccc8c(c7)c7cc(-c9ccc%10c(c9)c9cc(-c%11ccc%12c(c%11)c%11ccccc%11n%12CCCCCCCC)ccc9n%10CCCCCCCC)ccc7n8CCCCCCCC)ccc5n6CCCCCCCC)ccc3n4CCCCCCCC)ccc21,0,12,17,13,18,C,C,1,1,True,True,1,1,True,C-C,copy_i.site_b--copy_i+1.site_a,single,I,CCCCCCCCn1c2ccc(I)cc2c2cc(I)ccc21,CCCCCCCCn1c2cc[cH:1]cc2c2c[cH:2]ccc12,[CH3:1][CH2:2][CH2:3][CH2:4][CH2:5][CH2:6][CH2:7][CH2:8][n:9]1[c:10]2[cH:11][cH:12][cH:13][cH:14][c:15]2[c:16]2[cH:17][cH:18][cH:19][cH:20][c:21]12,6,1,5,True,21,C20H25N,CCCCCCCCn1c2ccccc2c2cc(-c3ccc4c(c3)c3ccccc3n4CCCCCCCC)ccc21,42,C40H48N2,true,17,33,C40H50N2+2,2,1,neutral n=2 backbone at frozen link; add one H to each junction atom; target-medium GFN2/ddCOSMO preopt,frozen explicit n=6 hexamer,approved,125c180ef831b81e3c511e9286745bdac49346302ceff895b78bae2263d260d6
M075,D075_QP2_M1,RXN_SIG_M075,N-Vinylcarbazole,Carbazoles,C=Cn1c2ccccc2c2ccccc21,C=Cn1c2ccccc2c2cc(-c3ccc4c(c3)c3cc(-c5ccc6c(c5)c5cc(-c7ccc8c(c7)c7cc(-c9ccc%10c(c9)c9cc(-c%11ccc%12c(c%11)c%11ccccc%11n%12C=C)ccc9n%10C=C)ccc7n8C=C)ccc5n6C=C)ccc3n4C=C)ccc21,0,6,11,7,12,C,C,1,1,True,True,2,2,True,C-C,copy_i.site_b--copy_i+1.site_a,single,I,C=Cn1c2ccc(I)cc2c2cc(I)ccc21,C=Cn1c2cc[cH:1]cc2c2c[cH:2]ccc12,[CH2:1]=[CH:2][n:3]1[c:4]2[cH:5][cH:6][cH:7][cH:8][c:9]2[c:10]2[cH:11][cH:12][cH:13][cH:14][c:15]12,6,1,5,True,15,C14H11N,C=Cn1c2ccccc2c2cc(-c3ccc4c(c3)c3ccccc3n4C=C)ccc21,30,C28H20N2,true,11,21,C28H22N2+2,2,1,neutral n=2 backbone at frozen link; add one H to each junction atom; target-medium GFN2/ddCOSMO preopt,frozen explicit n=6 hexamer,approved,da75232ce8f528797823fea2efced613a2a30940024d546640b50991b667f254
M076,D076_QP2_M1,RXN_SIG_M076,"3,6-Bis(thiophen-2-yl)-9-methylcarbazole",Carbazoles,Cn1c2ccc(-c3cccs3)cc2c2cc(-c3cccs3)ccc21,Cn1c2ccc(-c3cccs3)cc2c2cc(-c3ccc(-c4ccc(-c5ccc6c(c5)c5cc(-c7ccc(-c8ccc(-c9ccc%10c(c9)c9cc(-c%11ccc(-c%12ccc(-c%13ccc%14c(c%13)c%13cc(-c%15ccc(-c%16ccc(-c%17ccc%18c(c%17)c%17cc(-c%19ccc(-c%20ccc(-c%21ccc%22c(c%21)c%21cc(-c%23cccs%23)ccc%21n%22C)s%20)s%19)ccc%17n%18C)s%16)s%15)ccc%13n%14C)s%12)s%11)ccc9n%10C)s8)s7)ccc5n6C)s4)s3)ccc21,0,9,19,10,20,C,C,1,1,True,True,3,3,True,C-C,copy_i.site_b--copy_i+1.site_a,single,I,Cn1c2ccc(-c3ccc(I)s3)cc2c2cc(-c3ccc(I)s3)ccc21,Cn1c2ccc(-c3cc[cH:1]s3)cc2c2cc(-c3cc[cH:2]s3)ccc12,[CH3:1][n:2]1[c:3]2[cH:4][cH:5][c:6](-[c:7]3[cH:8][cH:9][cH:10][s:11]3)[cH:12][c:13]2[c:14]2[cH:15][c:16](-[c:17]3[cH:18][cH:19][cH:20][s:21]3)[cH:22][cH:23][c:24]12,6,1,5,True,24,C21H15NS2,Cn1c2ccc(-c3cccs3)cc2c2cc(-c3ccc(-c4ccc(-c5ccc6c(c5)c5cc(-c7cccs7)ccc5n6C)s4)s3)ccc21,48,C42H28N2S4,true,19,33,C42H30N2S4+2,2,1,neutral n=2 backbone at frozen link; add one H to each junction atom; target-medium GFN2/ddCOSMO preopt,frozen explicit n=6 hexamer,approved,a3eb7e097f05a6c53e806747f00358007a0061cad86d976ee6f4a8060b2b0b25
M077,D077_QP2_M1,RXN_SIG_M077,"3,6-Bis(EDOT-2-yl)-9-methylcarbazole",Carbazoles,Cn1c2ccc(-c3scc4c3OCCO4)cc2c2cc(-c3scc4c3OCCO4)ccc21,Cn1c2ccc(-c3scc4c3OCCO4)cc2c2cc(-c3sc(-c4sc(-c5ccc6c(c5)c5cc(-c7sc(-c8sc(-c9ccc%10c(c9)c9cc(-c%11sc(-c%12sc(-c%13ccc%14c(c%13)c%13cc(-c%15sc(-c%16sc(-c%17ccc%18c(c%17)c%17cc(-c%19sc(-c%20sc(-c%21ccc%22c(c%21)c%21cc(-c%23scc%24c%23OCCO%24)ccc%21n%22C)c%21c%20OCCO%21)c%20c%19OCCO%20)ccc%17n%18C)c%17c%16OCCO%17)c%16c%15OCCO%16)ccc%13n%14C)c%13c%12OCCO%13)c%12c%11OCCO%12)ccc9n%10C)c9c8OCCO9)c8c7OCCO8)ccc5n6C)c5c4OCCO5)c4c3OCCO4)ccc21,0,8,22,9,23,C,C,1,1,True,True,3,3,True,C-C,copy_i.site_b--copy_i+1.site_a,single,I,Cn1c2ccc(-c3sc(I)c4c3OCCO4)cc2c2cc(-c3sc(I)c4c3OCCO4)ccc21,Cn1c2ccc(-c3s[cH:1]c4c3OCCO4)cc2c2cc(-c3s[cH:2]c4c3OCCO4)ccc12,[CH3:1][n:2]1[c:3]2[cH:4][cH:5][c:6](-[c:7]3[s:8][cH:9][c:10]4[c:11]3[O:12][CH2:13][CH2:14][O:15]4)[cH:16][c:17]2[c:18]2[cH:19][c:20](-[c:21]3[s:22][cH:23][c:24]4[c:25]3[O:26][CH2:27][CH2:28][O:29]4)[cH:30][cH:31][c:32]12,6,1,5,True,32,C25H19NO4S2,Cn1c2ccc(-c3scc4c3OCCO4)cc2c2cc(-c3sc(-c4sc(-c5ccc6c(c5)c5cc(-c7scc8c7OCCO8)ccc5n6C)c5c4OCCO5)c4c3OCCO4)ccc21,64,C50H36N2O8S4,true,22,40,C50H38N2O8S4+2,2,1,neutral n=2 backbone at frozen link; add one H to each junction atom; target-medium GFN2/ddCOSMO preopt,frozen explicit n=6 hexamer,approved,9b56ac75d44c9c105f42462ace931cdea69ec7edd9f4db8b553d64e5b3deb0f1
M078,D078_QP2_M1,RXN_SIG_M078,"9,9-Dimethylfluorene",Fluorenes,CC1(C)c2ccccc2-c2ccccc21,CC1(C)c2ccccc2-c2ccc(-c3ccc4c(c3)C(C)(C)c3cc(-c5ccc6c(c5)C(C)(C)c5cc(-c7ccc8c(c7)C(C)(C)c7cc(-c9ccc%10c(c9)C(C)(C)c9cc(-c%11ccc%12c(c%11)C(C)(C)c%11ccccc%11-%12)ccc9-%10)ccc7-8)ccc5-6)ccc3-4)cc21,0,5,12,6,13,C,C,1,1,True,True,4,4,True,C-C,copy_i.site_b--copy_i+1.site_a,single,I,CC1(C)c2cc(I)ccc2-c2ccc(I)cc21,CC1(C)c2c[cH:1]ccc2-c2cc[cH:2]cc21,[CH3:1][C:2]1([CH3:3])[c:4]2[cH:5][cH:6][cH:7][cH:8][c:9]2-[c:10]2[cH:11][cH:12][cH:13][cH:14][c:15]21,6,1,5,True,15,C15H14,CC1(C)c2ccccc2-c2ccc(-c3ccc4c(c3)C(C)(C)c3ccccc3-4)cc21,30,C30H26,true,12,20,C30H28+2,2,1,neutral n=2 backbone at frozen link; add one H to each junction atom; target-medium GFN2/ddCOSMO preopt,frozen explicit n=6 hexamer,approved,5fe9c90e1815d6934611ebf8359072af3f7ebc0d8f5f86fad6650e76a6af5310
M079,D079_QP2_M1,RXN_SIG_M079,"9,9-Diethylfluorene",Fluorenes,CCC1(CC)c2ccccc2-c2ccccc21,CCC1(CC)c2ccccc2-c2ccc(-c3ccc4c(c3)C(CC)(CC)c3cc(-c5ccc6c(c5)C(CC)(CC)c5cc(-c7ccc8c(c7)C(CC)(CC)c7cc(-c9ccc%10c(c9)C(CC)(CC)c9cc(-c%11ccc%12c(c%11)C(CC)(CC)c%11ccccc%11-%12)ccc9-%10)ccc7-8)ccc5-6)ccc3-4)cc21,0,7,14,8,15,C,C,1,1,True,True,4,4,True,C-C,copy_i.site_b--copy_i+1.site_a,single,I,CCC1(CC)c2cc(I)ccc2-c2ccc(I)cc21,CCC1(CC)c2c[cH:1]ccc2-c2cc[cH:2]cc21,[CH3:1][CH2:2][C:3]1([CH2:4][CH3:5])[c:6]2[cH:7][cH:8][cH:9][cH:10][c:11]2-[c:12]2[cH:13][cH:14][cH:15][cH:16][c:17]21,6,1,5,True,17,C17H18,CCC1(CC)c2ccccc2-c2ccc(-c3ccc4c(c3)C(CC)(CC)c3ccccc3-4)cc21,34,C34H34,true,14,24,C34H36+2,2,1,neutral n=2 backbone at frozen link; add one H to each junction atom; target-medium GFN2/ddCOSMO preopt,frozen explicit n=6 hexamer,approved,4be2ab96796e379ead2b3720518bc23cefd16f096a24304713b7feb1b9c1b16e
M080,D080_QP2_M1,RXN_SIG_M080,"9,9-Dipropylfluorene",Fluorenes,CCCC1(CCC)c2ccccc2-c2ccccc21,CCCC1(CCC)c2ccccc2-c2ccc(-c3ccc4c(c3)C(CCC)(CCC)c3cc(-c5ccc6c(c5)C(CCC)(CCC)c5cc(-c7ccc8c(c7)C(CCC)(CCC)c7cc(-c9ccc%10c(c9)C(CCC)(CCC)c9cc(-c%11ccc%12c(c%11)C(CCC)(CCC)c%11ccccc%11-%12)ccc9-%10)ccc7-8)ccc5-6)ccc3-4)cc21,0,9,16,10,17,C,C,1,1,True,True,4,4,True,C-C,copy_i.site_b--copy_i+1.site_a,single,I,CCCC1(CCC)c2cc(I)ccc2-c2ccc(I)cc21,CCCC1(CCC)c2c[cH:1]ccc2-c2cc[cH:2]cc21,[CH3:1][CH2:2][CH2:3][C:4]1([CH2:5][CH2:6][CH3:7])[c:8]2[cH:9][cH:10][cH:11][cH:12][c:13]2-[c:14]2[cH:15][cH:16][cH:17][cH:18][c:19]21,6,1,5,True,19,C19H22,CCCC1(CCC)c2ccccc2-c2ccc(-c3ccc4c(c3)C(CCC)(CCC)c3ccccc3-4)cc21,38,C38H42,true,16,28,C38H44+2,2,1,neutral n=2 backbone at frozen link; add one H to each junction atom; target-medium GFN2/ddCOSMO preopt,frozen explicit n=6 hexamer,approved,a12ab0b4983dfe7dbfc3e20fb3987b2addc072259156e8c8f8a90b4d4dd553ce
M081,D081_QP2_M1,RXN_SIG_M081,"9,9-Dibutylfluorene",Fluorenes,CCCCC1(CCCC)c2ccccc2-c2ccccc21,CCCCC1(CCCC)c2ccccc2-c2ccc(-c3ccc4c(c3)C(CCCC)(CCCC)c3cc(-c5ccc6c(c5)C(CCCC)(CCCC)c5cc(-c7ccc8c(c7)C(CCCC)(CCCC)c7cc(-c9ccc%10c(c9)C(CCCC)(CCCC)c9cc(-c%11ccc%12c(c%11)C(CCCC)(CCCC)c%11ccccc%11-%12)ccc9-%10)ccc7-8)ccc5-6)ccc3-4)cc21,0,11,18,12,19,C,C,1,1,True,True,4,4,True,C-C,copy_i.site_b--copy_i+1.site_a,single,I,CCCCC1(CCCC)c2cc(I)ccc2-c2ccc(I)cc21,CCCCC1(CCCC)c2c[cH:1]ccc2-c2cc[cH:2]cc21,[CH3:1][CH2:2][CH2:3][CH2:4][C:5]1([CH2:6][CH2:7][CH2:8][CH3:9])[c:10]2[cH:11][cH:12][cH:13][cH:14][c:15]2-[c:16]2[cH:17][cH:18][cH:19][cH:20][c:21]21,6,1,5,True,21,C21H26,CCCCC1(CCCC)c2ccccc2-c2ccc(-c3ccc4c(c3)C(CCCC)(CCCC)c3ccccc3-4)cc21,42,C42H50,true,18,32,C42H52+2,2,1,neutral n=2 backbone at frozen link; add one H to each junction atom; target-medium GFN2/ddCOSMO preopt,frozen explicit n=6 hexamer,approved,e7451daa106c92927ff0da2efab54d06470fdd4a79fe9037a6dfb99ff58d6561
M082,D082_QP2_M1,RXN_SIG_M082,"9,9-Dihexylfluorene",Fluorenes,CCCCCCC1(CCCCCC)c2ccccc2-c2ccccc21,CCCCCCC1(CCCCCC)c2ccccc2-c2ccc(-c3ccc4c(c3)C(CCCCCC)(CCCCCC)c3cc(-c5ccc6c(c5)C(CCCCCC)(CCCCCC)c5cc(-c7ccc8c(c7)C(CCCCCC)(CCCCCC)c7cc(-c9ccc%10c(c9)C(CCCCCC)(CCCCCC)c9cc(-c%11ccc%12c(c%11)C(CCCCCC)(CCCCCC)c%11ccccc%11-%12)ccc9-%10)ccc7-8)ccc5-6)ccc3-4)cc21,0,15,22,16,23,C,C,1,1,True,True,4,4,True,C-C,copy_i.site_b--copy_i+1.site_a,single,I,CCCCCCC1(CCCCCC)c2cc(I)ccc2-c2ccc(I)cc21,CCCCCCC1(CCCCCC)c2c[cH:1]ccc2-c2cc[cH:2]cc21,[CH3:1][CH2:2][CH2:3][CH2:4][CH2:5][CH2:6][C:7]1([CH2:8][CH2:9][CH2:10][CH2:11][CH2:12][CH3:13])[c:14]2[cH:15][cH:16][cH:17][cH:18][c:19]2-[c:20]2[cH:21][cH:22][cH:23][cH:24][c:25]21,6,1,5,True,25,C25H34,CCCCCCC1(CCCCCC)c2ccccc2-c2ccc(-c3ccc4c(c3)C(CCCCCC)(CCCCCC)c3ccccc3-4)cc21,50,C50H66,true,22,40,C50H68+2,2,1,neutral n=2 backbone at frozen link; add one H to each junction atom; target-medium GFN2/ddCOSMO preopt,frozen explicit n=6 hexamer,approved,ef4c0913542599d0a12160d00e1bee21a326219f04fb97dc1a448975f0707593
M083,D083_QP2_M1,RXN_SIG_M083,"9,9-Dioctylfluorene",Fluorenes,CCCCCCCCC1(CCCCCCCC)c2ccccc2-c2ccccc21,CCCCCCCCC1(CCCCCCCC)c2ccccc2-c2ccc(-c3ccc4c(c3)C(CCCCCCCC)(CCCCCCCC)c3cc(-c5ccc6c(c5)C(CCCCCCCC)(CCCCCCCC)c5cc(-c7ccc8c(c7)C(CCCCCCCC)(CCCCCCCC)c7cc(-c9ccc%10c(c9)C(CCCCCCCC)(CCCCCCCC)c9cc(-c%11ccc%12c(c%11)C(CCCCCCCC)(CCCCCCCC)c%11ccccc%11-%12)ccc9-%10)ccc7-8)ccc5-6)ccc3-4)cc21,0,19,26,20,27,C,C,1,1,True,True,4,4,True,C-C,copy_i.site_b--copy_i+1.site_a,single,I,CCCCCCCCC1(CCCCCCCC)c2cc(I)ccc2-c2ccc(I)cc21,CCCCCCCCC1(CCCCCCCC)c2c[cH:1]ccc2-c2cc[cH:2]cc21,[CH3:1][CH2:2][CH2:3][CH2:4][CH2:5][CH2:6][CH2:7][CH2:8][C:9]1([CH2:10][CH2:11][CH2:12][CH2:13][CH2:14][CH2:15][CH2:16][CH3:17])[c:18]2[cH:19][cH:20][cH:21][cH:22][c:23]2-[c:24]2[cH:25][cH:26][cH:27][cH:28][c:29]21,6,1,5,True,29,C29H42,CCCCCCCCC1(CCCCCCCC)c2ccccc2-c2ccc(-c3ccc4c(c3)C(CCCCCCCC)(CCCCCCCC)c3ccccc3-4)cc21,58,C58H82,true,26,48,C58H84+2,2,1,neutral n=2 backbone at frozen link; add one H to each junction atom; target-medium GFN2/ddCOSMO preopt,frozen explicit n=6 hexamer,approved,4b8d69b231f0304765866d1e31b76de0f9fa20ac293fcf37fda45154c29dab34
M084,D084_QP2_M1,RXN_SIG_M084,"4,7-Bis(thiophen-2-yl)-2,1,3-benzothiadiazole (TBT)",Donor–Acceptor units,c1csc(-c2ccc3nsnc3c2-c2cccs2)c1,c1csc(-c2ccc3nsnc3c2-c2ccc(-c3ccc(-c4ccc5nsnc5c4-c4ccc(-c5ccc(-c6ccc7nsnc7c6-c6ccc(-c7ccc(-c8ccc9nsnc9c8-c8ccc(-c9ccc(-c%10ccc%11nsnc%11c%10-c%10ccc(-c%11ccc(-c%12ccc%13nsnc%13c%12-c%12cccs%12)s%11)s%10)s9)s8)s7)s6)s5)s4)s3)s2)c1,0,1,16,2,17,C,C,1,1,True,True,2,3,False,C-C,copy_i.site_b--copy_i+1.site_a,single,I,Ic1ccc(-c2ccc3nsnc3c2-c2ccc(I)s2)s1,c1[cH:1]sc(-c2ccc3nsnc3c2-c2cc[cH:2]s2)c1,[cH:1]1[cH:2][s:3][c:4](-[c:5]2[cH:6][cH:7][c:8]3[n:9][s:10][n:11][c:12]3[c:13]2-[c:14]2[cH:15][cH:16][cH:17][s:18]2)[cH:19]1,6,1,5,True,19,C14H8N2S3,c1csc(-c2ccc3nsnc3c2-c2ccc(-c3ccc(-c4ccc5nsnc5c4-c4cccs4)s3)s2)c1,38,C28H14N4S6,true,16,20,C28H16N4S6+2,2,1,neutral n=2 backbone at frozen link; add one H to each junction atom; target-medium GFN2/ddCOSMO preopt,frozen explicit n=6 hexamer,approved,c75948733616b2615fdc2fdeafa161715e0c95a6dfed455d094281b5f59ce3dd
M085,D085_QP2_M1,RXN_SIG_M085,"4,7-Bis(3-hexylthiophen-2-yl)-2,1,3-benzothiadiazole",Donor–Acceptor units,CCCCCCc1csc(-c2c(-c3sccc3CCCCCC)ccc3nsnc23)c1,CCCCCCc1csc(-c2c(-c3sc(-c4sc(-c5c(-c6sc(-c7sc(-c8c(-c9sc(-c%10sc(-c%11c(-c%12sc(-c%13sc(-c%14c(-c%15sc(-c%16sc(-c%17c(-c%18sccc%18CCCCCC)ccc%18nsnc%17%18)cc%16CCCCCC)cc%15CCCCCC)ccc%15nsnc%14%15)cc%13CCCCCC)cc%12CCCCCC)ccc%12nsnc%11%12)cc%10CCCCCC)cc9CCCCCC)ccc9nsnc89)cc7CCCCCC)cc6CCCCCC)ccc6nsnc56)cc4CCCCCC)cc3CCCCCC)ccc3nsnc23)c1,0,7,14,8,15,C,C,1,1,True,True,3,2,False,C-C,copy_i.site_b--copy_i+1.site_a,single,I,CCCCCCc1cc(-c2c(-c3sc(I)cc3CCCCCC)ccc3nsnc23)sc1I,CCCCCCc1[cH:1]sc(-c2c(-c3s[cH:2]cc3CCCCCC)ccc3nsnc23)c1,[CH3:1][CH2:2][CH2:3][CH2:4][CH2:5][CH2:6][c:7]1[cH:8][s:9][c:10](-[c:11]2[c:12](-[c:13]3[s:14][cH:15][cH:16][c:17]3[CH2:18][CH2:19][CH2:20][CH2:21][CH2:22][CH3:23])[cH:24][cH:25][c:26]3[n:27][s:28][n:29][c:30]23)[cH:31]1,6,1,5,True,31,C26H32N2S3,CCCCCCc1csc(-c2c(-c3sc(-c4sc(-c5c(-c6sccc6CCCCCC)ccc6nsnc56)cc4CCCCCC)cc3CCCCCC)ccc3nsnc23)c1,62,C52H62N4S6,true,14,38,C52H64N4S6+2,2,1,neutral n=2 backbone at frozen link; add one H to each junction atom; target-medium GFN2/ddCOSMO preopt,frozen explicit n=6 hexamer,approved,ed655912d4e707c4a7d822c122dfe6e9d42107480283bce6de21b644bef2e61a
M086,D086_QP2_M1,RXN_SIG_M086,"Thieno[3,4-b]pyrazine",Donor–Acceptor units,c1cnc2cscc2n1,c1cnc2c(-c3sc(-c4sc(-c5sc(-c6sc(-c7scc8nccnc78)c7nccnc67)c6nccnc56)c5nccnc45)c4nccnc34)scc2n1,0,4,6,5,7,C,C,1,1,True,True,2,2,True,C-C,copy_i.site_b--copy_i+1.site_a,single,I,Ic1sc(I)c2nccnc12,c1cnc2[cH:1]s[cH:2]c2n1,[cH:1]1[cH:2][n:3][c:4]2[cH:5][s:6][cH:7][c:8]2[n:9]1,6,1,5,True,9,C6H4N2S,c1cnc2c(-c3scc4nccnc34)scc2n1,18,C12H6N4S2,true,6,13,C12H8N4S2+2,2,1,neutral n=2 backbone at frozen link; add one H to each junction atom; target-medium GFN2/ddCOSMO preopt,frozen explicit n=6 hexamer,approved,41d66668297bc9bff89153b7eac79b820373e8b1e12b129d45c2d3e172a18db3
M087,D087_QP2_M1,RXN_SIG_M087,"2,3-Dimethylthieno[3,4-b]pyrazine",Donor–Acceptor units,Cc1nc2cscc2nc1C,Cc1nc2csc(-c3sc(-c4sc(-c5sc(-c6sc(-c7scc8nc(C)c(C)nc78)c7nc(C)c(C)nc67)c6nc(C)c(C)nc56)c5nc(C)c(C)nc45)c4nc(C)c(C)nc34)c2nc1C,0,4,6,5,7,C,C,1,1,True,True,2,2,True,C-C,copy_i.site_b--copy_i+1.site_a,single,I,Cc1nc2c(I)sc(I)c2nc1C,Cc1nc2[cH:1]s[cH:2]c2nc1C,[CH3:1][c:2]1[n:3][c:4]2[cH:5][s:6][cH:7][c:8]2[n:9][c:10]1[CH3:11],6,1,5,True,11,C8H8N2S,Cc1nc2csc(-c3scc4nc(C)c(C)nc34)c2nc1C,22,C16H14N4S2,true,6,15,C16H16N4S2+2,2,1,neutral n=2 backbone at frozen link; add one H to each junction atom; target-medium GFN2/ddCOSMO preopt,frozen explicit n=6 hexamer,approved,47b4671b5557267cc3818969105ad58f75966767395472bc5ebb2a1c70f6d8a9
M088,D088_QP2_M1,RXN_SIG_M088,"2,3-Dihexylthieno[3,4-b]pyrazine",Donor–Acceptor units,CCCCCCc1nc2cscc2nc1CCCCCC,CCCCCCc1nc2csc(-c3sc(-c4sc(-c5sc(-c6sc(-c7scc8nc(CCCCCC)c(CCCCCC)nc78)c7nc(CCCCCC)c(CCCCCC)nc67)c6nc(CCCCCC)c(CCCCCC)nc56)c5nc(CCCCCC)c(CCCCCC)nc45)c4nc(CCCCCC)c(CCCCCC)nc34)c2nc1CCCCCC,0,9,11,10,12,C,C,1,1,True,True,2,2,True,C-C,copy_i.site_b--copy_i+1.site_a,single,I,CCCCCCc1nc2c(I)sc(I)c2nc1CCCCCC,CCCCCCc1nc2[cH:1]s[cH:2]c2nc1CCCCCC,[CH3:1][CH2:2][CH2:3][CH2:4][CH2:5][CH2:6][c:7]1[n:8][c:9]2[cH:10][s:11][cH:12][c:13]2[n:14][c:15]1[CH2:16][CH2:17][CH2:18][CH2:19][CH2:20][CH3:21],6,1,5,True,21,C18H28N2S,CCCCCCc1nc2csc(-c3scc4nc(CCCCCC)c(CCCCCC)nc34)c2nc1CCCCCC,42,C36H54N4S2,true,11,30,C36H56N4S2+2,2,1,neutral n=2 backbone at frozen link; add one H to each junction atom; target-medium GFN2/ddCOSMO preopt,frozen explicit n=6 hexamer,approved,fcc2537b0a9e0ae41a474f0085b37e78d70226a09b27ba30422fe7bcce20b85b
M089,D089_QP2_M1,RXN_SIG_M089,"3,6-Bis(thiophen-2-yl)-2,5-dimethyl-DPP (TDPP-Me)",Donor–Acceptor units,CN1C(=O)C2=C(c3cccs3)N(C)C(=O)C2=C1c1cccs1,CN1C(=O)C2=C(c3ccc(-c4ccc(C5=C6C(=O)N(C)C(c7ccc(-c8ccc(C9=C%10C(=O)N(C)C(c%11ccc(-c%12ccc(C%13=C%14C(=O)N(C)C(c%15ccc(-c%16ccc(C%17=C%18C(=O)N(C)C(c%19ccc(-c%20ccc(C%21=C%22C(=O)N(C)C(c%23cccs%23)=C%22C(=O)N%21C)s%20)s%19)=C%18C(=O)N%17C)s%16)s%15)=C%14C(=O)N%13C)s%12)s%11)=C%10C(=O)N9C)s8)s7)=C6C(=O)N5C)s4)s3)N(C)C(=O)C2=C1c1cccs1,0,9,20,10,21,C,C,1,1,True,True,6,6,True,C-C,copy_i.site_b--copy_i+1.site_a,single,I,CN1C(=O)C2=C(c3ccc(I)s3)N(C)C(=O)C2=C1c1ccc(I)s1,CN1C(=O)C2=C(c3cc[cH:1]s3)N(C)C(=O)C2=C1c1cc[cH:2]s1,[CH3:1][N:2]1[C:3](=[O:4])[C:5]2=[C:6]([c:7]3[cH:8][cH:9][cH:10][s:11]3)[N:12]([CH3:13])[C:14](=[O:15])[C:16]2=[C:17]1[c:18]1[cH:19][cH:20][cH:21][s:22]1,6,1,5,True,22,C16H12N2O2S2,CN1C(=O)C2=C(c3ccc(-c4ccc(C5=C6C(=O)N(C)C(c7cccs7)=C6C(=O)N5C)s4)s3)N(C)C(=O)C2=C1c1cccs1,44,C32H22N4O4S4,true,20,31,C32H24N4O4S4+2,2,1,neutral n=2 backbone at frozen link; add one H to each junction atom; target-medium GFN2/ddCOSMO preopt,frozen explicit n=6 hexamer,approved,0b7942993a01166ad51b027f9dab33d7597d7502d159f8cacb6849d846af59b5
M090,D090_QP2_M1,RXN_SIG_M090,"3,6-Bis(thiophen-2-yl)-2,5-dioctyl-DPP (TDPP-Oct)",Donor–Acceptor units,CCCCCCCCN1C(=O)C2=C(c3cccs3)N(CCCCCCCC)C(=O)C2=C1c1cccs1,CCCCCCCCN1C(=O)C2=C(c3ccc(-c4ccc(C5=C6C(=O)N(CCCCCCCC)C(c7ccc(-c8ccc(C9=C%10C(=O)N(CCCCCCCC)C(c%11ccc(-c%12ccc(C%13=C%14C(=O)N(CCCCCCCC)C(c%15ccc(-c%16ccc(C%17=C%18C(=O)N(CCCCCCCC)C(c%19ccc(-c%20ccc(C%21=C%22C(=O)N(CCCCCCCC)C(c%23cccs%23)=C%22C(=O)N%21CCCCCCCC)s%20)s%19)=C%18C(=O)N%17CCCCCCCC)s%16)s%15)=C%14C(=O)N%13CCCCCCCC)s%12)s%11)=C%10C(=O)N9CCCCCCCC)s8)s7)=C6C(=O)N5CCCCCCCC)s4)s3)N(CCCCCCCC)C(=O)C2=C1c1cccs1,0,16,34,17,35,C,C,1,1,True,True,6,6,True,C-C,copy_i.site_b--copy_i+1.site_a,single,I,CCCCCCCCN1C(=O)C2=C(c3ccc(I)s3)N(CCCCCCCC)C(=O)C2=C1c1ccc(I)s1,CCCCCCCCN1C(=O)C2=C(c3cc[cH:1]s3)N(CCCCCCCC)C(=O)C2=C1c1cc[cH:2]s1,[CH3:1][CH2:2][CH2:3][CH2:4][CH2:5][CH2:6][CH2:7][CH2:8][N:9]1[C:10](=[O:11])[C:12]2=[C:13]([c:14]3[cH:15][cH:16][cH:17][s:18]3)[N:19]([CH2:20][CH2:21][CH2:22][CH2:23][CH2:24][CH2:25][CH2:26][CH3:27])[C:28](=[O:29])[C:30]2=[C:31]1[c:32]1[cH:33][cH:34][cH:35][s:36]1,6,1,5,True,36,C30H40N2O2S2,CCCCCCCCN1C(=O)C2=C(c3ccc(-c4ccc(C5=C6C(=O)N(CCCCCCCC)C(c7cccs7)=C6C(=O)N5CCCCCCCC)s4)s3)N(CCCCCCCC)C(=O)C2=C1c1cccs1,72,C60H78N4O4S4,true,34,52,C60H80N4O4S4+2,2,1,neutral n=2 backbone at frozen link; add one H to each junction atom; target-medium GFN2/ddCOSMO preopt,frozen explicit n=6 hexamer,approved,c3031964e6932ce14115964703033022cbf116b3a51197947132aab6b3ce4cf2
M091,D091_QP2_M1,RXN_SIG_M091,"N,N′-Dimethylisoindigo",Donor–Acceptor units,CN1C(=O)/C(=C2/C(=O)N(C)c3ccccc32)c2ccccc21,CN1C(=O)/C(=C2/C(=O)N(C)c3cc(-c4ccc5c(c4)N(C)C(=O)/C5=C4/C(=O)N(C)c5cc(-c6ccc7c(c6)N(C)C(=O)/C7=C6/C(=O)N(C)c7cc(-c8ccc9c(c8)N(C)C(=O)/C9=C8/C(=O)N(C)c9cc(-c%10ccc%11c(c%10)N(C)C(=O)/C%11=C%10/C(=O)N(C)c%11cc(-c%12ccc%13c(c%12)N(C)C(=O)/C%13=C%12/C(=O)N(C)c%13ccccc%13%12)ccc%11%10)ccc98)ccc76)ccc54)ccc32)c2ccccc21,0,12,19,13,20,C,C,1,1,True,True,6,6,True,C-C,copy_i.site_b--copy_i+1.site_a,single,I,CN1C(=O)/C(=C2/C(=O)N(C)c3cc(I)ccc32)c2ccc(I)cc21,CN1C(=O)/C(=C2/C(=O)N(C)c3c[cH:1]ccc32)c2cc[cH:2]cc21,[CH3:1][N:2]1[C:3](=[O:4])/[C:5](=[C:6]2/[C:7](=[O:8])[N:9]([CH3:10])[c:11]3[cH:12][cH:13][cH:14][cH:15][c:16]32)[c:17]2[cH:18][cH:19][cH:20][cH:21][c:22]21,6,1,5,True,22,C18H14N2O2,CN1C(=O)/C(=C2/C(=O)N(C)c3cc(-c4ccc5c(c4)N(C)C(=O)/C5=C4/C(=O)N(C)c5ccccc54)ccc32)c2ccccc21,44,C36H26N4O4,true,19,34,C36H28N4O4+2,2,1,neutral n=2 backbone at frozen link; add one H to each junction atom; target-medium GFN2/ddCOSMO preopt,frozen explicit n=6 hexamer,approved,134b5140a63b80695e5844d75ebc83ec7e5709190d3d70e8a4e13b38f8ea64c7
M092,D092_QP2_M1,RXN_SIG_M092,"N,N′-Dioctylisoindigo",Donor–Acceptor units,CCCCCCCCN1C(=O)/C(=C2/C(=O)N(CCCCCCCC)c3ccccc32)c2ccccc21,CCCCCCCCN1C(=O)/C(=C2/C(=O)N(CCCCCCCC)c3cc(-c4ccc5c(c4)N(CCCCCCCC)C(=O)/C5=C4/C(=O)N(CCCCCCCC)c5cc(-c6ccc7c(c6)N(CCCCCCCC)C(=O)/C7=C6/C(=O)N(CCCCCCCC)c7cc(-c8ccc9c(c8)N(CCCCCCCC)C(=O)/C9=C8/C(=O)N(CCCCCCCC)c9cc(-c%10ccc%11c(c%10)N(CCCCCCCC)C(=O)/C%11=C%10/C(=O)N(CCCCCCCC)c%11cc(-c%12ccc%13c(c%12)N(CCCCCCCC)C(=O)/C%13=C%12/C(=O)N(CCCCCCCC)c%13ccccc%13%12)ccc%11%10)ccc98)ccc76)ccc54)ccc32)c2ccccc21,0,26,33,27,34,C,C,1,1,True,True,6,6,True,C-C,copy_i.site_b--copy_i+1.site_a,single,I,CCCCCCCCN1C(=O)/C(=C2/C(=O)N(CCCCCCCC)c3cc(I)ccc32)c2ccc(I)cc21,CCCCCCCCN1C(=O)/C(=C2/C(=O)N(CCCCCCCC)c3c[cH:1]ccc32)c2cc[cH:2]cc21,[CH3:1][CH2:2][CH2:3][CH2:4][CH2:5][CH2:6][CH2:7][CH2:8][N:9]1[C:10](=[O:11])/[C:12](=[C:13]2/[C:14](=[O:15])[N:16]([CH2:17][CH2:18][CH2:19][CH2:20][CH2:21][CH2:22][CH2:23][CH3:24])[c:25]3[cH:26][cH:27][cH:28][cH:29][c:30]32)[c:31]2[cH:32][cH:33][cH:34][cH:35][c:36]21,6,1,5,True,36,C32H42N2O2,CCCCCCCCN1C(=O)/C(=C2/C(=O)N(CCCCCCCC)c3cc(-c4ccc5c(c4)N(CCCCCCCC)C(=O)/C5=C4/C(=O)N(CCCCCCCC)c5ccccc54)ccc32)c2ccccc21,72,C64H82N4O4,true,33,62,C64H84N4O4+2,2,1,neutral n=2 backbone at frozen link; add one H to each junction atom; target-medium GFN2/ddCOSMO preopt,frozen explicit n=6 hexamer,approved,8b32296be8c232e1f38de6da44efa9c5c0f51884c405944d427cd1eaddaa3457
M093,D093_QP2_M1,RXN_SIG_M093,"4,9-bis(thiophen-2-yl)-[1,2,5]thiadiazolo[3,4-g]quinoxaline (TTDQ)",Donor–Acceptor units,c1csc(-c2c3nccnc3c(-c3cccs3)c3nsnc23)c1,c1csc(-c2c3nccnc3c(-c3ccc(-c4ccc(-c5c6nccnc6c(-c6ccc(-c7ccc(-c8c9nccnc9c(-c9ccc(-c%10ccc(-c%11c%12nccnc%12c(-c%12ccc(-c%13ccc(-c%14c%15nccnc%15c(-c%15ccc(-c%16ccc(-c%17c%18nccnc%18c(-c%18cccs%18)c%18nsnc%17%18)s%16)s%15)c%15nsnc%14%15)s%13)s%12)c%12nsnc%11%12)s%10)s9)c9nsnc89)s7)s6)c6nsnc56)s4)s3)c3nsnc23)c1,0,1,15,2,16,C,C,1,1,True,True,4,4,True,C-C,copy_i.site_b--copy_i+1.site_a,single,I,Ic1ccc(-c2c3nccnc3c(-c3ccc(I)s3)c3nsnc23)s1,c1[cH:1]sc(-c2c3nccnc3c(-c3cc[cH:2]s3)c3nsnc23)c1,[cH:1]1[cH:2][s:3][c:4](-[c:5]2[c:6]3[n:7][cH:8][cH:9][n:10][c:11]3[c:12](-[c:13]3[cH:14][cH:15][cH:16][s:17]3)[c:18]3[n:19][s:20][n:21][c:22]23)[cH:23]1,6,1,5,True,23,C16H8N4S3,c1csc(-c2c3nccnc3c(-c3ccc(-c4ccc(-c5c6nccnc6c(-c6cccs6)c6nsnc56)s4)s3)c3nsnc23)c1,46,C32H14N8S6,true,15,24,C32H16N8S6+2,2,1,neutral n=2 backbone at frozen link; add one H to each junction atom; target-medium GFN2/ddCOSMO preopt,frozen explicit n=6 hexamer,approved,89da3c9cac1c1e98d2c5ade648ac0c5379bd80c4c52a1806d679a08fc0118a9a
M094,D094_QP2_M1,RXN_SIG_M094,"Cyclopenta[2,1-b:3,4-b′]dithiophene (CPDT)",Fused-ring systems,c1cc2c(s1)-c1sccc1C2,c1cc2c(s1)-c1sc(-c3cc4c(s3)-c3sc(-c5cc6c(s5)-c5sc(-c7cc8c(s7)-c7sc(-c9cc%10c(s9)-c9sc(-c%11cc%12c(s%11)-c%11sccc%11C%12)cc9C%10)cc7C8)cc5C6)cc3C4)cc1C2,0,0,7,1,8,C,C,1,1,True,True,0,0,True,C-C,copy_i.site_b--copy_i+1.site_a,single,I,Ic1cc2c(s1)-c1sc(I)cc1C2,[cH:1]1cc2c(s1)-c1s[cH:2]cc1C2,[cH:1]1[cH:2][c:3]2[c:4]([s:5]1)-[c:6]1[s:7][cH:8][cH:9][c:10]1[CH2:11]2,6,1,5,True,11,C9H6S2,c1cc2c(s1)-c1sc(-c3cc4c(s3)-c3sccc3C4)cc1C2,22,C18H10S4,true,7,11,C18H12S4+2,2,1,neutral n=2 backbone at frozen link; add one H to each junction atom; target-medium GFN2/ddCOSMO preopt,frozen explicit n=6 hexamer,approved,b1c3305b9d325edf4c2009a9f57f0a85835d943a5a288e18e6cd0737b8c5c95a
M095,D095_QP2_M1,RXN_SIG_M095,"4,4-Dimethyl-CPDT",Fused-ring systems,CC1(C)c2ccsc2-c2sccc21,CC1(C)c2ccsc2-c2sc(-c3cc4c(s3)-c3sc(-c5cc6c(s5)-c5sc(-c7cc8c(s7)-c7sc(-c9cc%10c(s9)-c9sc(-c%11cc%12c(s%11)-c%11sccc%11C%12(C)C)cc9C%10(C)C)cc7C8(C)C)cc5C6(C)C)cc3C4(C)C)cc21,0,5,10,6,11,C,C,1,1,True,True,2,2,True,C-C,copy_i.site_b--copy_i+1.site_a,single,I,CC1(C)c2cc(I)sc2-c2sc(I)cc21,CC1(C)c2c[cH:1]sc2-c2s[cH:2]cc21,[CH3:1][C:2]1([CH3:3])[c:4]2[cH:5][cH:6][s:7][c:8]2-[c:9]2[s:10][cH:11][cH:12][c:13]21,6,1,5,True,13,C11H10S2,CC1(C)c2ccsc2-c2sc(-c3cc4c(s3)-c3sccc3C4(C)C)cc21,26,C22H18S4,true,10,18,C22H20S4+2,2,1,neutral n=2 backbone at frozen link; add one H to each junction atom; target-medium GFN2/ddCOSMO preopt,frozen explicit n=6 hexamer,approved,56d07bcd0bd2b8b98b96f1ad711c4e6b8c89830b0b8a43252b9ddcf962c0914f
M096,D096_QP2_M1,RXN_SIG_M096,"4,4-Dihexyl-CPDT",Fused-ring systems,CCCCCCC1(CCCCCC)c2ccsc2-c2sccc21,CCCCCCC1(CCCCCC)c2ccsc2-c2sc(-c3cc4c(s3)-c3sc(-c5cc6c(s5)-c5sc(-c7cc8c(s7)-c7sc(-c9cc%10c(s9)-c9sc(-c%11cc%12c(s%11)-c%11sccc%11C%12(CCCCCC)CCCCCC)cc9C%10(CCCCCC)CCCCCC)cc7C8(CCCCCC)CCCCCC)cc5C6(CCCCCC)CCCCCC)cc3C4(CCCCCC)CCCCCC)cc21,0,15,20,16,21,C,C,1,1,True,True,2,2,True,C-C,copy_i.site_b--copy_i+1.site_a,single,I,CCCCCCC1(CCCCCC)c2cc(I)sc2-c2sc(I)cc21,CCCCCCC1(CCCCCC)c2c[cH:1]sc2-c2s[cH:2]cc21,[CH3:1][CH2:2][CH2:3][CH2:4][CH2:5][CH2:6][C:7]1([CH2:8][CH2:9][CH2:10][CH2:11][CH2:12][CH3:13])[c:14]2[cH:15][cH:16][s:17][c:18]2-[c:19]2[s:20][cH:21][cH:22][c:23]21,6,1,5,True,23,C21H30S2,CCCCCCC1(CCCCCC)c2ccsc2-c2sc(-c3cc4c(s3)-c3sccc3C4(CCCCCC)CCCCCC)cc21,46,C42H58S4,true,20,38,C42H60S4+2,2,1,neutral n=2 backbone at frozen link; add one H to each junction atom; target-medium GFN2/ddCOSMO preopt,frozen explicit n=6 hexamer,approved,3b410f416ef6d808de2debc8656d228255844133795b6ef71d381afe7922722f
M097,D097_QP2_M1,RXN_SIG_M097,"Dithieno[3,2-b:2′,3′-d]pyrrole (DTP)",Fused-ring systems,c1cc2[nH]c3ccsc3c2s1,c1cc2[nH]c3cc(-c4cc5[nH]c6cc(-c7cc8[nH]c9cc(-c%10cc%11[nH]c%12cc(-c%13cc%14[nH]c%15cc(-c%16cc%17[nH]c%18ccsc%18c%17s%16)sc%15c%14s%13)sc%12c%11s%10)sc9c8s7)sc6c5s4)sc3c2s1,0,0,6,1,7,C,C,1,1,True,True,0,0,True,C-C,copy_i.site_b--copy_i+1.site_a,single,I,Ic1cc2[nH]c3cc(I)sc3c2s1,[cH:1]1cc2[nH]c3c[cH:2]sc3c2s1,[cH:1]1[cH:2][c:3]2[nH:4][c:5]3[cH:6][cH:7][s:8][c:9]3[c:10]2[s:11]1,6,1,5,True,11,C8H5NS2,c1cc2[nH]c3cc(-c4cc5[nH]c6ccsc6c5s4)sc3c2s1,22,C16H8N2S4,true,6,11,C16H10N2S4+2,2,1,neutral n=2 backbone at frozen link; add one H to each junction atom; target-medium GFN2/ddCOSMO preopt,frozen explicit n=6 hexamer,approved,6c7386bdd360a8fc2f13d5211116870fad40058312f7965efba2dd20d2cd82ea
M098,D098_QP2_M1,RXN_SIG_M098,"N-Octyl-dithieno[3,2-b:2′,3′-d]pyrrole",Fused-ring systems,CCCCCCCCn1c2ccsc2c2sccc21,CCCCCCCCn1c2ccsc2c2sc(-c3cc4c(s3)c3sc(-c5cc6c(s5)c5sc(-c7cc8c(s7)c7sc(-c9cc%10c(s9)c9sc(-c%11cc%12c(s%11)c%11sccc%11n%12CCCCCCCC)cc9n%10CCCCCCCC)cc7n8CCCCCCCC)cc5n6CCCCCCCC)cc3n4CCCCCCCC)cc21,0,11,16,12,17,C,C,1,1,True,True,1,1,True,C-C,copy_i.site_b--copy_i+1.site_a,single,I,CCCCCCCCn1c2cc(I)sc2c2sc(I)cc21,CCCCCCCCn1c2c[cH:1]sc2c2s[cH:2]cc12,[CH3:1][CH2:2][CH2:3][CH2:4][CH2:5][CH2:6][CH2:7][CH2:8][n:9]1[c:10]2[cH:11][cH:12][s:13][c:14]2[c:15]2[s:16][cH:17][cH:18][c:19]12,6,1,5,True,19,C16H21NS2,CCCCCCCCn1c2ccsc2c2sc(-c3cc4c(s3)c3sccc3n4CCCCCCCC)cc21,38,C32H40N2S4,true,16,30,C32H42N2S4+2,2,1,neutral n=2 backbone at frozen link; add one H to each junction atom; target-medium GFN2/ddCOSMO preopt,frozen explicit n=6 hexamer,approved,722d562948b76143f4bc07ecd4439e46d5fd41ec9a36d19ce48557f98ef6903f
M099,D099_QP2_M1,RXN_SIG_M099,"Indaceno[1,2-b:5,6-b′]dithiophene (IDT)",Fused-ring systems,c1cc2c(s1)-c1cc3c(cc1C2)-c1sccc1C3,c1cc2c(s1)-c1cc3c(cc1C2)-c1sc(-c2cc4c(s2)-c2cc5c(cc2C4)-c2sc(-c4cc6c(s4)-c4cc7c(cc4C6)-c4sc(-c6cc8c(s6)-c6cc9c(cc6C8)-c6sc(-c8cc%10c(s8)-c8cc%11c(cc8C%10)-c8sc(-c%10cc%12c(s%10)-c%10cc%13c(cc%10C%12)-c%10sccc%10C%13)cc8C%11)cc6C9)cc4C7)cc2C5)cc1C3,0,0,14,1,15,C,C,1,1,True,True,0,0,True,C-C,copy_i.site_b--copy_i+1.site_a,single,I,Ic1cc2c(s1)-c1cc3c(cc1C2)-c1sc(I)cc1C3,[cH:1]1cc2c(s1)-c1cc3c(cc1C2)-c1s[cH:2]cc1C3,[cH:1]1[cH:2][c:3]2[c:4]([s:5]1)-[c:6]1[cH:7][c:8]3[c:9]([cH:10][c:11]1[CH2:12]2)-[c:13]1[s:14][cH:15][cH:16][c:17]1[CH2:18]3,6,1,5,True,18,C16H10S2,c1cc2c(s1)-c1cc3c(cc1C2)-c1sc(-c2cc4c(s2)-c2cc5c(cc2C4)-c2sccc2C5)cc1C3,36,C32H18S4,true,14,18,C32H20S4+2,2,1,neutral n=2 backbone at frozen link; add one H to each junction atom; target-medium GFN2/ddCOSMO preopt,frozen explicit n=6 hexamer,approved,c645c6843574538e9389c546c7a366493927d87bcf8000f708c2a30aa4868d1b
M100,D100_QP2_M1,RXN_SIG_M100,"Acenaphtho[1,2-c]pyrrole",Fused-ring systems,c1cc2c3c(cccc3c1)-c1c[nH]cc1-2,c1cc2c3c(cccc3c1)-c1c-2c[nH]c1-c1[nH]c(-c2[nH]c(-c3[nH]c(-c4[nH]c(-c5[nH]cc6c5-c5cccc7cccc-6c57)c5c4-c4cccc6cccc-5c46)c4c3-c3cccc5cccc-4c35)c3c2-c2cccc4cccc-3c24)c2c1-c1cccc3cccc-2c13,0,11,13,12,14,C,C,1,1,True,True,2,2,True,C-C,copy_i.site_b--copy_i+1.site_a,single,I,Ic1[nH]c(I)c2c1-c1cccc3cccc-2c13,c1cc2c3c(cccc3c1)-c1[cH:1][nH][cH:2]c1-2,[cH:1]1[cH:2][c:3]2[c:4]3[c:5]([cH:6][cH:7][cH:8][c:9]3[cH:10]1)-[c:11]1[cH:12][nH:13][cH:14][c:15]1-2,6,1,5,True,15,C14H9N,c1cc2c3c(cccc3c1)-c1c-2c[nH]c1-c1[nH]cc2c1-c1cccc3cccc-2c13,30,C28H16N2,true,13,26,C28H18N2+2,2,1,neutral n=2 backbone at frozen link; add one H to each junction atom; target-medium GFN2/ddCOSMO preopt,frozen explicit n=6 hexamer,approved,731a987087f29dbdfc56aef164facb300f4a40e159bbba82a9c0887fe1ce8e3f
